<?xml version="1.0" encoding="UTF-8"?>
<gpx version="1.1" creator="AltitudeRando - https://www.altituderando.com" xmlns="http://www.topografix.com/GPX/1/1" xmlns:xsi="http://www.w3.org/2001/XMLSchema-instance" xsi:schemaLocation="http://www.topografix.com/GPX/1/1 http://www.topografix.com/GPX/1/1/gpx.xsd">
  <metadata>
    <name><![CDATA[trace]]></name>
  </metadata>
  <wpt lat="44.853891" lon="5.520306">
    <ele>1878</ele>
    <name><![CDATA[Arrivée Jour 1]]></name>
  </wpt>
  <wpt lat="44.805542" lon="5.51168">
    <ele>1626</ele>
    <name><![CDATA[Arrivée Jour 2]]></name>
  </wpt>
  <trk>
    <name><![CDATA[Itinéraire principal]]></name>
    <extensions>
      <line xmlns="http://www.topografix.com/GPX/gpx_style/0/2">
        <color>0000FF</color>
        <width>4</width>
      </line>
    </extensions>
    <trkseg>
      <trkpt lat="44.774397" lon="5.573635">
        <ele>1452</ele>
      </trkpt>
      <trkpt lat="44.77448" lon="5.5735">
        <ele>1452</ele>
      </trkpt>
      <trkpt lat="44.77476" lon="5.57364">
        <ele>1455</ele>
      </trkpt>
      <trkpt lat="44.77485" lon="5.57366">
        <ele>1456</ele>
      </trkpt>
      <trkpt lat="44.77496" lon="5.57374">
        <ele>1458</ele>
      </trkpt>
      <trkpt lat="44.77499" lon="5.57374">
        <ele>1458</ele>
      </trkpt>
      <trkpt lat="44.77501" lon="5.57371">
        <ele>1458</ele>
      </trkpt>
      <trkpt lat="44.77542" lon="5.57374">
        <ele>1461</ele>
      </trkpt>
      <trkpt lat="44.77552" lon="5.57368">
        <ele>1460</ele>
      </trkpt>
      <trkpt lat="44.77567" lon="5.57354">
        <ele>1461</ele>
      </trkpt>
      <trkpt lat="44.77579" lon="5.57348">
        <ele>1461</ele>
      </trkpt>
      <trkpt lat="44.77594" lon="5.57337">
        <ele>1462</ele>
      </trkpt>
      <trkpt lat="44.77604" lon="5.57335">
        <ele>1463</ele>
      </trkpt>
      <trkpt lat="44.77643" lon="5.57316">
        <ele>1467</ele>
      </trkpt>
      <trkpt lat="44.77659" lon="5.57298">
        <ele>1469</ele>
      </trkpt>
      <trkpt lat="44.77675" lon="5.57285">
        <ele>1471</ele>
      </trkpt>
      <trkpt lat="44.77686" lon="5.57282">
        <ele>1472</ele>
      </trkpt>
      <trkpt lat="44.7771" lon="5.57281">
        <ele>1475</ele>
      </trkpt>
      <trkpt lat="44.77729" lon="5.5727">
        <ele>1478</ele>
      </trkpt>
      <trkpt lat="44.7774" lon="5.57261">
        <ele>1480</ele>
      </trkpt>
      <trkpt lat="44.77753" lon="5.57254">
        <ele>1482</ele>
      </trkpt>
      <trkpt lat="44.77759" lon="5.57245">
        <ele>1483</ele>
      </trkpt>
      <trkpt lat="44.77767" lon="5.5724">
        <ele>1484</ele>
      </trkpt>
      <trkpt lat="44.77776" lon="5.57231">
        <ele>1485</ele>
      </trkpt>
      <trkpt lat="44.77783" lon="5.57215">
        <ele>1487</ele>
      </trkpt>
      <trkpt lat="44.77791" lon="5.57204">
        <ele>1489</ele>
      </trkpt>
      <trkpt lat="44.7781" lon="5.57191">
        <ele>1491</ele>
      </trkpt>
      <trkpt lat="44.77822" lon="5.57172">
        <ele>1494</ele>
      </trkpt>
      <trkpt lat="44.77849" lon="5.57141">
        <ele>1500</ele>
      </trkpt>
      <trkpt lat="44.77881" lon="5.57027">
        <ele>1517</ele>
      </trkpt>
      <trkpt lat="44.779153" lon="5.569278">
        <ele>1540</ele>
      </trkpt>
      <trkpt lat="44.779305" lon="5.568141">
        <ele>1556</ele>
      </trkpt>
      <trkpt lat="44.77927" lon="5.56751">
        <ele>1556</ele>
      </trkpt>
      <trkpt lat="44.77975" lon="5.56696">
        <ele>1561</ele>
      </trkpt>
      <trkpt lat="44.78024" lon="5.56616">
        <ele>1566</ele>
      </trkpt>
      <trkpt lat="44.78047" lon="5.5659">
        <ele>1568</ele>
      </trkpt>
      <trkpt lat="44.78073" lon="5.56555">
        <ele>1570</ele>
      </trkpt>
      <trkpt lat="44.78089" lon="5.56527">
        <ele>1573</ele>
      </trkpt>
      <trkpt lat="44.78096" lon="5.56511">
        <ele>1575</ele>
      </trkpt>
      <trkpt lat="44.78106" lon="5.56497">
        <ele>1576</ele>
      </trkpt>
      <trkpt lat="44.78141" lon="5.5642">
        <ele>1583</ele>
      </trkpt>
      <trkpt lat="44.78175" lon="5.56379">
        <ele>1588</ele>
      </trkpt>
      <trkpt lat="44.78194" lon="5.56365">
        <ele>1591</ele>
      </trkpt>
      <trkpt lat="44.78201" lon="5.56358">
        <ele>1593</ele>
      </trkpt>
      <trkpt lat="44.78212" lon="5.56339">
        <ele>1595</ele>
      </trkpt>
      <trkpt lat="44.78223" lon="5.56313">
        <ele>1597</ele>
      </trkpt>
      <trkpt lat="44.78241" lon="5.56298">
        <ele>1599</ele>
      </trkpt>
      <trkpt lat="44.78251" lon="5.56281">
        <ele>1600</ele>
      </trkpt>
      <trkpt lat="44.78259" lon="5.56244">
        <ele>1605</ele>
      </trkpt>
      <trkpt lat="44.78263" lon="5.56217">
        <ele>1606</ele>
      </trkpt>
      <trkpt lat="44.78294" lon="5.56229">
        <ele>1611</ele>
      </trkpt>
      <trkpt lat="44.78304" lon="5.56237">
        <ele>1614</ele>
      </trkpt>
      <trkpt lat="44.78322" lon="5.56246">
        <ele>1615</ele>
      </trkpt>
      <trkpt lat="44.78343" lon="5.56267">
        <ele>1616</ele>
      </trkpt>
      <trkpt lat="44.78354" lon="5.56271">
        <ele>1615</ele>
      </trkpt>
      <trkpt lat="44.78365" lon="5.56267">
        <ele>1615</ele>
      </trkpt>
      <trkpt lat="44.7839" lon="5.56247">
        <ele>1616</ele>
      </trkpt>
      <trkpt lat="44.78402" lon="5.56235">
        <ele>1618</ele>
      </trkpt>
      <trkpt lat="44.78423" lon="5.56205">
        <ele>1620</ele>
      </trkpt>
      <trkpt lat="44.78435" lon="5.56184">
        <ele>1621</ele>
      </trkpt>
      <trkpt lat="44.78445" lon="5.56175">
        <ele>1620</ele>
      </trkpt>
      <trkpt lat="44.78493" lon="5.56117">
        <ele>1623</ele>
      </trkpt>
      <trkpt lat="44.78501" lon="5.5608">
        <ele>1626</ele>
      </trkpt>
      <trkpt lat="44.78515" lon="5.56032">
        <ele>1631</ele>
      </trkpt>
      <trkpt lat="44.7853" lon="5.55993">
        <ele>1634</ele>
      </trkpt>
      <trkpt lat="44.78548" lon="5.55953">
        <ele>1634</ele>
      </trkpt>
      <trkpt lat="44.78562" lon="5.55934">
        <ele>1635</ele>
      </trkpt>
      <trkpt lat="44.78581" lon="5.55917">
        <ele>1635</ele>
      </trkpt>
      <trkpt lat="44.78591" lon="5.55896">
        <ele>1637</ele>
      </trkpt>
      <trkpt lat="44.78633" lon="5.5583">
        <ele>1640</ele>
      </trkpt>
      <trkpt lat="44.78657" lon="5.55785">
        <ele>1644</ele>
      </trkpt>
      <trkpt lat="44.78678" lon="5.55736">
        <ele>1647</ele>
      </trkpt>
      <trkpt lat="44.78684" lon="5.55729">
        <ele>1647</ele>
      </trkpt>
      <trkpt lat="44.78692" lon="5.55715">
        <ele>1647</ele>
      </trkpt>
      <trkpt lat="44.78716" lon="5.55684">
        <ele>1649</ele>
      </trkpt>
      <trkpt lat="44.78766" lon="5.55541">
        <ele>1652</ele>
      </trkpt>
      <trkpt lat="44.78786" lon="5.55493">
        <ele>1654</ele>
      </trkpt>
      <trkpt lat="44.78795" lon="5.55475">
        <ele>1655</ele>
      </trkpt>
      <trkpt lat="44.78809" lon="5.55454">
        <ele>1656</ele>
      </trkpt>
      <trkpt lat="44.78894" lon="5.55346">
        <ele>1667</ele>
      </trkpt>
      <trkpt lat="44.78914" lon="5.55309">
        <ele>1672</ele>
      </trkpt>
      <trkpt lat="44.78926" lon="5.55268">
        <ele>1678</ele>
      </trkpt>
      <trkpt lat="44.78927" lon="5.5524">
        <ele>1680</ele>
      </trkpt>
      <trkpt lat="44.78935" lon="5.55229">
        <ele>1681</ele>
      </trkpt>
      <trkpt lat="44.78953" lon="5.55215">
        <ele>1685</ele>
      </trkpt>
      <trkpt lat="44.78963" lon="5.55204">
        <ele>1688</ele>
      </trkpt>
      <trkpt lat="44.78969" lon="5.55187">
        <ele>1689</ele>
      </trkpt>
      <trkpt lat="44.78975" lon="5.5518">
        <ele>1691</ele>
      </trkpt>
      <trkpt lat="44.7898" lon="5.55166">
        <ele>1693</ele>
      </trkpt>
      <trkpt lat="44.78992" lon="5.55157">
        <ele>1697</ele>
      </trkpt>
      <trkpt lat="44.79001" lon="5.55145">
        <ele>1700</ele>
      </trkpt>
      <trkpt lat="44.79022" lon="5.55122">
        <ele>1707</ele>
      </trkpt>
      <trkpt lat="44.79031" lon="5.55093">
        <ele>1708</ele>
      </trkpt>
      <trkpt lat="44.79035" lon="5.55088">
        <ele>1709</ele>
      </trkpt>
      <trkpt lat="44.7904" lon="5.55085">
        <ele>1710</ele>
      </trkpt>
      <trkpt lat="44.79047" lon="5.55075">
        <ele>1712</ele>
      </trkpt>
      <trkpt lat="44.79051" lon="5.55065">
        <ele>1712</ele>
      </trkpt>
      <trkpt lat="44.79071" lon="5.55035">
        <ele>1719</ele>
      </trkpt>
      <trkpt lat="44.79077" lon="5.55017">
        <ele>1722</ele>
      </trkpt>
      <trkpt lat="44.79084" lon="5.55008">
        <ele>1726</ele>
      </trkpt>
      <trkpt lat="44.79088" lon="5.54994">
        <ele>1730</ele>
      </trkpt>
      <trkpt lat="44.79097" lon="5.54989">
        <ele>1736</ele>
      </trkpt>
      <trkpt lat="44.79106" lon="5.54987">
        <ele>1741</ele>
      </trkpt>
      <trkpt lat="44.79117" lon="5.54987">
        <ele>1746</ele>
      </trkpt>
      <trkpt lat="44.79115" lon="5.54973">
        <ele>1749</ele>
      </trkpt>
      <trkpt lat="44.79116" lon="5.54971">
        <ele>1750</ele>
      </trkpt>
      <trkpt lat="44.79122" lon="5.54969">
        <ele>1752</ele>
      </trkpt>
      <trkpt lat="44.79126" lon="5.54962">
        <ele>1753</ele>
      </trkpt>
      <trkpt lat="44.7913" lon="5.54945">
        <ele>1756</ele>
      </trkpt>
      <trkpt lat="44.79143" lon="5.54924">
        <ele>1759</ele>
      </trkpt>
      <trkpt lat="44.79144" lon="5.54897">
        <ele>1761</ele>
      </trkpt>
      <trkpt lat="44.79154" lon="5.54868">
        <ele>1765</ele>
      </trkpt>
      <trkpt lat="44.79162" lon="5.54839">
        <ele>1766</ele>
      </trkpt>
      <trkpt lat="44.79169" lon="5.54806">
        <ele>1769</ele>
      </trkpt>
      <trkpt lat="44.79179" lon="5.54782">
        <ele>1769</ele>
      </trkpt>
      <trkpt lat="44.79188" lon="5.54768">
        <ele>1768</ele>
      </trkpt>
      <trkpt lat="44.79195" lon="5.5476">
        <ele>1768</ele>
      </trkpt>
      <trkpt lat="44.79202" lon="5.5474">
        <ele>1769</ele>
      </trkpt>
      <trkpt lat="44.79219" lon="5.5468">
        <ele>1772</ele>
      </trkpt>
      <trkpt lat="44.79236" lon="5.54646">
        <ele>1778</ele>
      </trkpt>
      <trkpt lat="44.79292" lon="5.54512">
        <ele>1794</ele>
      </trkpt>
      <trkpt lat="44.79301" lon="5.54496">
        <ele>1797</ele>
      </trkpt>
      <trkpt lat="44.7933" lon="5.54474">
        <ele>1799</ele>
      </trkpt>
      <trkpt lat="44.79332" lon="5.54471">
        <ele>1798</ele>
      </trkpt>
      <trkpt lat="44.79336" lon="5.54472">
        <ele>1798</ele>
      </trkpt>
      <trkpt lat="44.79397" lon="5.54434">
        <ele>1804</ele>
      </trkpt>
      <trkpt lat="44.79418" lon="5.54431">
        <ele>1810</ele>
      </trkpt>
      <trkpt lat="44.79435" lon="5.54435">
        <ele>1817</ele>
      </trkpt>
      <trkpt lat="44.79441" lon="5.5442">
        <ele>1817</ele>
      </trkpt>
      <trkpt lat="44.7945" lon="5.54406">
        <ele>1821</ele>
      </trkpt>
      <trkpt lat="44.79451" lon="5.54401">
        <ele>1821</ele>
      </trkpt>
      <trkpt lat="44.79469" lon="5.54384">
        <ele>1828</ele>
      </trkpt>
      <trkpt lat="44.79476" lon="5.54364">
        <ele>1829</ele>
      </trkpt>
      <trkpt lat="44.79494" lon="5.54349">
        <ele>1833</ele>
      </trkpt>
      <trkpt lat="44.79517" lon="5.54334">
        <ele>1835</ele>
      </trkpt>
      <trkpt lat="44.79543" lon="5.54323">
        <ele>1838</ele>
      </trkpt>
      <trkpt lat="44.79552" lon="5.54321">
        <ele>1840</ele>
      </trkpt>
      <trkpt lat="44.79593" lon="5.54319">
        <ele>1842</ele>
      </trkpt>
      <trkpt lat="44.7961" lon="5.54315">
        <ele>1844</ele>
      </trkpt>
      <trkpt lat="44.79635" lon="5.54314">
        <ele>1846</ele>
      </trkpt>
      <trkpt lat="44.79665" lon="5.54318">
        <ele>1847</ele>
      </trkpt>
      <trkpt lat="44.79689" lon="5.5433">
        <ele>1848</ele>
      </trkpt>
      <trkpt lat="44.79703" lon="5.5434">
        <ele>1849</ele>
      </trkpt>
      <trkpt lat="44.79718" lon="5.54354">
        <ele>1851</ele>
      </trkpt>
      <trkpt lat="44.7975" lon="5.54378">
        <ele>1853</ele>
      </trkpt>
      <trkpt lat="44.79808" lon="5.54436">
        <ele>1858</ele>
      </trkpt>
      <trkpt lat="44.7983" lon="5.54446">
        <ele>1859</ele>
      </trkpt>
      <trkpt lat="44.79841" lon="5.54457">
        <ele>1860</ele>
      </trkpt>
      <trkpt lat="44.79873" lon="5.54495">
        <ele>1860</ele>
      </trkpt>
      <trkpt lat="44.7988" lon="5.54517">
        <ele>1852</ele>
      </trkpt>
      <trkpt lat="44.79892" lon="5.54543">
        <ele>1830</ele>
      </trkpt>
      <trkpt lat="44.79894" lon="5.54551">
        <ele>1822</ele>
      </trkpt>
      <trkpt lat="44.79907" lon="5.54543">
        <ele>1826</ele>
      </trkpt>
      <trkpt lat="44.79944" lon="5.54527">
        <ele>1836</ele>
      </trkpt>
      <trkpt lat="44.79961" lon="5.54518">
        <ele>1836</ele>
      </trkpt>
      <trkpt lat="44.79989" lon="5.54492">
        <ele>1849</ele>
      </trkpt>
      <trkpt lat="44.80029" lon="5.54463">
        <ele>1862</ele>
      </trkpt>
      <trkpt lat="44.8007" lon="5.54452">
        <ele>1865</ele>
      </trkpt>
      <trkpt lat="44.80103" lon="5.54447">
        <ele>1862</ele>
      </trkpt>
      <trkpt lat="44.80164" lon="5.54442">
        <ele>1869</ele>
      </trkpt>
      <trkpt lat="44.80173" lon="5.54439">
        <ele>1875</ele>
      </trkpt>
      <trkpt lat="44.80191" lon="5.54403">
        <ele>1900</ele>
      </trkpt>
      <trkpt lat="44.802" lon="5.54381">
        <ele>1906</ele>
      </trkpt>
      <trkpt lat="44.80204" lon="5.54349">
        <ele>1908</ele>
      </trkpt>
      <trkpt lat="44.80195" lon="5.54298">
        <ele>1907</ele>
      </trkpt>
      <trkpt lat="44.801912" lon="5.54225">
        <ele>1915</ele>
      </trkpt>
      <trkpt lat="44.801927" lon="5.541295">
        <ele>1931</ele>
      </trkpt>
      <trkpt lat="44.802041" lon="5.540404">
        <ele>1940</ele>
      </trkpt>
      <trkpt lat="44.802201" lon="5.539771">
        <ele>1944</ele>
      </trkpt>
      <trkpt lat="44.802369" lon="5.539417">
        <ele>1947</ele>
      </trkpt>
      <trkpt lat="44.802604" lon="5.5393">
        <ele>1946</ele>
      </trkpt>
      <trkpt lat="44.802665" lon="5.53799">
        <ele>1940</ele>
      </trkpt>
      <trkpt lat="44.80236" lon="5.536853">
        <ele>1924</ele>
      </trkpt>
      <trkpt lat="44.801964" lon="5.53623">
        <ele>1910</ele>
      </trkpt>
      <trkpt lat="44.800989" lon="5.535093">
        <ele>1900</ele>
      </trkpt>
      <trkpt lat="44.800197" lon="5.534986">
        <ele>1890</ele>
      </trkpt>
      <trkpt lat="44.798917" lon="5.53417">
        <ele>1872</ele>
      </trkpt>
      <trkpt lat="44.79846" lon="5.533569">
        <ele>1870</ele>
      </trkpt>
      <trkpt lat="44.797578" lon="5.531919">
        <ele>1841</ele>
      </trkpt>
      <trkpt lat="44.796877" lon="5.531318">
        <ele>1839</ele>
      </trkpt>
      <trkpt lat="44.79607" lon="5.53091">
        <ele>1822</ele>
      </trkpt>
      <trkpt lat="44.79594" lon="5.53091">
        <ele>1821</ele>
      </trkpt>
      <trkpt lat="44.79594" lon="5.53073">
        <ele>1821</ele>
      </trkpt>
      <trkpt lat="44.79599" lon="5.53014">
        <ele>1820</ele>
      </trkpt>
      <trkpt lat="44.79598" lon="5.52984">
        <ele>1819</ele>
      </trkpt>
      <trkpt lat="44.79593" lon="5.52964">
        <ele>1818</ele>
      </trkpt>
      <trkpt lat="44.79587" lon="5.52926">
        <ele>1816</ele>
      </trkpt>
      <trkpt lat="44.79583" lon="5.52889">
        <ele>1814</ele>
      </trkpt>
      <trkpt lat="44.79592" lon="5.52838">
        <ele>1819</ele>
      </trkpt>
      <trkpt lat="44.79599" lon="5.52813">
        <ele>1820</ele>
      </trkpt>
      <trkpt lat="44.79599" lon="5.52797">
        <ele>1820</ele>
      </trkpt>
      <trkpt lat="44.79609" lon="5.52766">
        <ele>1817</ele>
      </trkpt>
      <trkpt lat="44.79609" lon="5.52762">
        <ele>1816</ele>
      </trkpt>
      <trkpt lat="44.79615" lon="5.52753">
        <ele>1816</ele>
      </trkpt>
      <trkpt lat="44.7962" lon="5.52711">
        <ele>1814</ele>
      </trkpt>
      <trkpt lat="44.79625" lon="5.52696">
        <ele>1813</ele>
      </trkpt>
      <trkpt lat="44.79633" lon="5.52689">
        <ele>1812</ele>
      </trkpt>
      <trkpt lat="44.79638" lon="5.5268">
        <ele>1811</ele>
      </trkpt>
      <trkpt lat="44.79643" lon="5.52658">
        <ele>1808</ele>
      </trkpt>
      <trkpt lat="44.79647" lon="5.5265">
        <ele>1808</ele>
      </trkpt>
      <trkpt lat="44.79648" lon="5.5264">
        <ele>1807</ele>
      </trkpt>
      <trkpt lat="44.79653" lon="5.52636">
        <ele>1806</ele>
      </trkpt>
      <trkpt lat="44.79656" lon="5.52627">
        <ele>1806</ele>
      </trkpt>
      <trkpt lat="44.79665" lon="5.5257">
        <ele>1805</ele>
      </trkpt>
      <trkpt lat="44.79673" lon="5.52557">
        <ele>1805</ele>
      </trkpt>
      <trkpt lat="44.79679" lon="5.52537">
        <ele>1805</ele>
      </trkpt>
      <trkpt lat="44.79682" lon="5.5252">
        <ele>1805</ele>
      </trkpt>
      <trkpt lat="44.79686" lon="5.52511">
        <ele>1804</ele>
      </trkpt>
      <trkpt lat="44.79692" lon="5.52507">
        <ele>1803</ele>
      </trkpt>
      <trkpt lat="44.79708" lon="5.5249">
        <ele>1802</ele>
      </trkpt>
      <trkpt lat="44.79736" lon="5.52446">
        <ele>1803</ele>
      </trkpt>
      <trkpt lat="44.79742" lon="5.52441">
        <ele>1803</ele>
      </trkpt>
      <trkpt lat="44.79749" lon="5.52418">
        <ele>1801</ele>
      </trkpt>
      <trkpt lat="44.7975" lon="5.52408">
        <ele>1801</ele>
      </trkpt>
      <trkpt lat="44.79755" lon="5.52404">
        <ele>1800</ele>
      </trkpt>
      <trkpt lat="44.79761" lon="5.52403">
        <ele>1800</ele>
      </trkpt>
      <trkpt lat="44.7977" lon="5.52406">
        <ele>1800</ele>
      </trkpt>
      <trkpt lat="44.79775" lon="5.52406">
        <ele>1800</ele>
      </trkpt>
      <trkpt lat="44.79779" lon="5.52389">
        <ele>1798</ele>
      </trkpt>
      <trkpt lat="44.7979" lon="5.52377">
        <ele>1798</ele>
      </trkpt>
      <trkpt lat="44.79805" lon="5.52355">
        <ele>1797</ele>
      </trkpt>
      <trkpt lat="44.79812" lon="5.5235">
        <ele>1798</ele>
      </trkpt>
      <trkpt lat="44.79823" lon="5.52336">
        <ele>1798</ele>
      </trkpt>
      <trkpt lat="44.79841" lon="5.52317">
        <ele>1798</ele>
      </trkpt>
      <trkpt lat="44.79873" lon="5.52275">
        <ele>1798</ele>
      </trkpt>
      <trkpt lat="44.79886" lon="5.52262">
        <ele>1799</ele>
      </trkpt>
      <trkpt lat="44.7991" lon="5.52252">
        <ele>1800</ele>
      </trkpt>
      <trkpt lat="44.79939" lon="5.52223">
        <ele>1801</ele>
      </trkpt>
      <trkpt lat="44.79965" lon="5.5222">
        <ele>1800</ele>
      </trkpt>
      <trkpt lat="44.79973" lon="5.52221">
        <ele>1799</ele>
      </trkpt>
      <trkpt lat="44.79983" lon="5.5222">
        <ele>1798</ele>
      </trkpt>
      <trkpt lat="44.79993" lon="5.52215">
        <ele>1798</ele>
      </trkpt>
      <trkpt lat="44.80003" lon="5.52223">
        <ele>1795</ele>
      </trkpt>
      <trkpt lat="44.80006" lon="5.52223">
        <ele>1794</ele>
      </trkpt>
      <trkpt lat="44.80011" lon="5.52219">
        <ele>1794</ele>
      </trkpt>
      <trkpt lat="44.80035" lon="5.52173">
        <ele>1796</ele>
      </trkpt>
      <trkpt lat="44.80044" lon="5.52159">
        <ele>1795</ele>
      </trkpt>
      <trkpt lat="44.80049" lon="5.52119">
        <ele>1794</ele>
      </trkpt>
      <trkpt lat="44.80053" lon="5.52112">
        <ele>1793</ele>
      </trkpt>
      <trkpt lat="44.80059" lon="5.52109">
        <ele>1792</ele>
      </trkpt>
      <trkpt lat="44.80061" lon="5.52106">
        <ele>1792</ele>
      </trkpt>
      <trkpt lat="44.80075" lon="5.52099">
        <ele>1790</ele>
      </trkpt>
      <trkpt lat="44.80085" lon="5.52088">
        <ele>1790</ele>
      </trkpt>
      <trkpt lat="44.80098" lon="5.5208">
        <ele>1790</ele>
      </trkpt>
      <trkpt lat="44.80124" lon="5.52071">
        <ele>1790</ele>
      </trkpt>
      <trkpt lat="44.80135" lon="5.5207">
        <ele>1789</ele>
      </trkpt>
      <trkpt lat="44.80153" lon="5.52071">
        <ele>1789</ele>
      </trkpt>
      <trkpt lat="44.80171" lon="5.52069">
        <ele>1790</ele>
      </trkpt>
      <trkpt lat="44.80198" lon="5.52061">
        <ele>1790</ele>
      </trkpt>
      <trkpt lat="44.80208" lon="5.52056">
        <ele>1790</ele>
      </trkpt>
      <trkpt lat="44.80239" lon="5.52053">
        <ele>1786</ele>
      </trkpt>
      <trkpt lat="44.80255" lon="5.52042">
        <ele>1784</ele>
      </trkpt>
      <trkpt lat="44.8026" lon="5.52036">
        <ele>1783</ele>
      </trkpt>
      <trkpt lat="44.80265" lon="5.52011">
        <ele>1784</ele>
      </trkpt>
      <trkpt lat="44.80268" lon="5.52003">
        <ele>1784</ele>
      </trkpt>
      <trkpt lat="44.80273" lon="5.51998">
        <ele>1783</ele>
      </trkpt>
      <trkpt lat="44.80274" lon="5.51995">
        <ele>1783</ele>
      </trkpt>
      <trkpt lat="44.80281" lon="5.5199">
        <ele>1781</ele>
      </trkpt>
      <trkpt lat="44.80302" lon="5.51949">
        <ele>1779</ele>
      </trkpt>
      <trkpt lat="44.80309" lon="5.51943">
        <ele>1777</ele>
      </trkpt>
      <trkpt lat="44.80314" lon="5.51936">
        <ele>1775</ele>
      </trkpt>
      <trkpt lat="44.80317" lon="5.51927">
        <ele>1775</ele>
      </trkpt>
      <trkpt lat="44.80332" lon="5.51902">
        <ele>1773</ele>
      </trkpt>
      <trkpt lat="44.80351" lon="5.51886">
        <ele>1769</ele>
      </trkpt>
      <trkpt lat="44.80363" lon="5.51878">
        <ele>1767</ele>
      </trkpt>
      <trkpt lat="44.80368" lon="5.51872">
        <ele>1767</ele>
      </trkpt>
      <trkpt lat="44.80375" lon="5.51872">
        <ele>1765</ele>
      </trkpt>
      <trkpt lat="44.80396" lon="5.51862">
        <ele>1762</ele>
      </trkpt>
      <trkpt lat="44.80423" lon="5.51838">
        <ele>1755</ele>
      </trkpt>
      <trkpt lat="44.80427" lon="5.51815">
        <ele>1754</ele>
      </trkpt>
      <trkpt lat="44.80427" lon="5.51791">
        <ele>1751</ele>
      </trkpt>
      <trkpt lat="44.80422" lon="5.51755">
        <ele>1747</ele>
      </trkpt>
      <trkpt lat="44.80409" lon="5.51725">
        <ele>1745</ele>
      </trkpt>
      <trkpt lat="44.804" lon="5.51664">
        <ele>1734</ele>
      </trkpt>
      <trkpt lat="44.80391" lon="5.51626">
        <ele>1728</ele>
      </trkpt>
      <trkpt lat="44.80364" lon="5.51555">
        <ele>1719</ele>
      </trkpt>
      <trkpt lat="44.80352" lon="5.51513">
        <ele>1710</ele>
      </trkpt>
      <trkpt lat="44.80341" lon="5.5149">
        <ele>1706</ele>
      </trkpt>
      <trkpt lat="44.80337" lon="5.51485">
        <ele>1706</ele>
      </trkpt>
      <trkpt lat="44.80333" lon="5.5146">
        <ele>1701</ele>
      </trkpt>
      <trkpt lat="44.80329" lon="5.51451">
        <ele>1699</ele>
      </trkpt>
      <trkpt lat="44.80313" lon="5.51429">
        <ele>1697</ele>
      </trkpt>
      <trkpt lat="44.80312" lon="5.51425">
        <ele>1696</ele>
      </trkpt>
      <trkpt lat="44.80295" lon="5.51408">
        <ele>1695</ele>
      </trkpt>
      <trkpt lat="44.80288" lon="5.51391">
        <ele>1691</ele>
      </trkpt>
      <trkpt lat="44.80288" lon="5.51386">
        <ele>1690</ele>
      </trkpt>
      <trkpt lat="44.80323" lon="5.51384">
        <ele>1683</ele>
      </trkpt>
      <trkpt lat="44.8033" lon="5.51382">
        <ele>1681</ele>
      </trkpt>
      <trkpt lat="44.80344" lon="5.51381">
        <ele>1679</ele>
      </trkpt>
      <trkpt lat="44.80357" lon="5.51376">
        <ele>1676</ele>
      </trkpt>
      <trkpt lat="44.80368" lon="5.51378">
        <ele>1674</ele>
      </trkpt>
      <trkpt lat="44.8038" lon="5.51387">
        <ele>1671</ele>
      </trkpt>
      <trkpt lat="44.80391" lon="5.5139">
        <ele>1669</ele>
      </trkpt>
      <trkpt lat="44.8041" lon="5.51388">
        <ele>1662</ele>
      </trkpt>
      <trkpt lat="44.80414" lon="5.51384">
        <ele>1660</ele>
      </trkpt>
      <trkpt lat="44.80423" lon="5.51383">
        <ele>1657</ele>
      </trkpt>
      <trkpt lat="44.80428" lon="5.51386">
        <ele>1656</ele>
      </trkpt>
      <trkpt lat="44.80438" lon="5.51386">
        <ele>1653</ele>
      </trkpt>
      <trkpt lat="44.80454" lon="5.5138">
        <ele>1648</ele>
      </trkpt>
      <trkpt lat="44.80459" lon="5.5138">
        <ele>1647</ele>
      </trkpt>
      <trkpt lat="44.80464" lon="5.51382">
        <ele>1646</ele>
      </trkpt>
      <trkpt lat="44.80466" lon="5.51379">
        <ele>1645</ele>
      </trkpt>
      <trkpt lat="44.80467" lon="5.51358">
        <ele>1641</ele>
      </trkpt>
      <trkpt lat="44.80459" lon="5.51323">
        <ele>1640</ele>
      </trkpt>
      <trkpt lat="44.80458" lon="5.51308">
        <ele>1638</ele>
      </trkpt>
      <trkpt lat="44.80461" lon="5.51303">
        <ele>1638</ele>
      </trkpt>
      <trkpt lat="44.80471" lon="5.51298">
        <ele>1636</ele>
      </trkpt>
      <trkpt lat="44.8048" lon="5.51285">
        <ele>1635</ele>
      </trkpt>
      <trkpt lat="44.80486" lon="5.51271">
        <ele>1634</ele>
      </trkpt>
      <trkpt lat="44.80488" lon="5.51258">
        <ele>1634</ele>
      </trkpt>
      <trkpt lat="44.80488" lon="5.51219">
        <ele>1630</ele>
      </trkpt>
      <trkpt lat="44.80485" lon="5.51196">
        <ele>1628</ele>
      </trkpt>
      <trkpt lat="44.80489" lon="5.51193">
        <ele>1627</ele>
      </trkpt>
      <trkpt lat="44.80506" lon="5.51193">
        <ele>1626</ele>
      </trkpt>
      <trkpt lat="44.8053" lon="5.51198">
        <ele>1625</ele>
      </trkpt>
      <trkpt lat="44.80542" lon="5.51202">
        <ele>1625</ele>
      </trkpt>
      <trkpt lat="44.80551" lon="5.51202">
        <ele>1625</ele>
      </trkpt>
      <trkpt lat="44.80549" lon="5.51188">
        <ele>1625</ele>
      </trkpt>
      <trkpt lat="44.8054" lon="5.51155">
        <ele>1629</ele>
      </trkpt>
      <trkpt lat="44.80539" lon="5.51145">
        <ele>1631</ele>
      </trkpt>
      <trkpt lat="44.80545" lon="5.51102">
        <ele>1637</ele>
      </trkpt>
      <trkpt lat="44.80542" lon="5.51094">
        <ele>1640</ele>
      </trkpt>
      <trkpt lat="44.8054" lon="5.51072">
        <ele>1644</ele>
      </trkpt>
      <trkpt lat="44.80547" lon="5.51042">
        <ele>1644</ele>
      </trkpt>
      <trkpt lat="44.80545" lon="5.51034">
        <ele>1645</ele>
      </trkpt>
      <trkpt lat="44.80544" lon="5.51012">
        <ele>1646</ele>
      </trkpt>
      <trkpt lat="44.80546" lon="5.51004">
        <ele>1646</ele>
      </trkpt>
      <trkpt lat="44.80555" lon="5.50994">
        <ele>1643</ele>
      </trkpt>
      <trkpt lat="44.80565" lon="5.50988">
        <ele>1643</ele>
      </trkpt>
      <trkpt lat="44.80578" lon="5.50989">
        <ele>1642</ele>
      </trkpt>
      <trkpt lat="44.80596" lon="5.50983">
        <ele>1641</ele>
      </trkpt>
      <trkpt lat="44.80602" lon="5.50978">
        <ele>1641</ele>
      </trkpt>
      <trkpt lat="44.80611" lon="5.50976">
        <ele>1640</ele>
      </trkpt>
      <trkpt lat="44.80616" lon="5.50973">
        <ele>1640</ele>
      </trkpt>
      <trkpt lat="44.80627" lon="5.50958">
        <ele>1640</ele>
      </trkpt>
      <trkpt lat="44.80644" lon="5.5094">
        <ele>1638</ele>
      </trkpt>
      <trkpt lat="44.80656" lon="5.50934">
        <ele>1635</ele>
      </trkpt>
      <trkpt lat="44.80664" lon="5.50934">
        <ele>1634</ele>
      </trkpt>
      <trkpt lat="44.80691" lon="5.50946">
        <ele>1630</ele>
      </trkpt>
      <trkpt lat="44.80705" lon="5.50964">
        <ele>1633</ele>
      </trkpt>
      <trkpt lat="44.80713" lon="5.50966">
        <ele>1633</ele>
      </trkpt>
      <trkpt lat="44.80717" lon="5.50964">
        <ele>1632</ele>
      </trkpt>
      <trkpt lat="44.80722" lon="5.50955">
        <ele>1631</ele>
      </trkpt>
      <trkpt lat="44.80724" lon="5.50945">
        <ele>1629</ele>
      </trkpt>
      <trkpt lat="44.80731" lon="5.50928">
        <ele>1632</ele>
      </trkpt>
      <trkpt lat="44.80734" lon="5.50927">
        <ele>1632</ele>
      </trkpt>
      <trkpt lat="44.80739" lon="5.50929">
        <ele>1633</ele>
      </trkpt>
      <trkpt lat="44.80754" lon="5.50924">
        <ele>1636</ele>
      </trkpt>
      <trkpt lat="44.80768" lon="5.50908">
        <ele>1638</ele>
      </trkpt>
      <trkpt lat="44.80775" lon="5.50895">
        <ele>1639</ele>
      </trkpt>
      <trkpt lat="44.8078" lon="5.50894">
        <ele>1638</ele>
      </trkpt>
      <trkpt lat="44.80798" lon="5.50902">
        <ele>1636</ele>
      </trkpt>
      <trkpt lat="44.808" lon="5.50905">
        <ele>1636</ele>
      </trkpt>
      <trkpt lat="44.80807" lon="5.5093">
        <ele>1636</ele>
      </trkpt>
      <trkpt lat="44.80811" lon="5.50939">
        <ele>1636</ele>
      </trkpt>
      <trkpt lat="44.80815" lon="5.50943">
        <ele>1636</ele>
      </trkpt>
      <trkpt lat="44.80839" lon="5.50952">
        <ele>1636</ele>
      </trkpt>
      <trkpt lat="44.80872" lon="5.50958">
        <ele>1638</ele>
      </trkpt>
      <trkpt lat="44.80883" lon="5.50946">
        <ele>1637</ele>
      </trkpt>
      <trkpt lat="44.80901" lon="5.5094">
        <ele>1636</ele>
      </trkpt>
      <trkpt lat="44.8094" lon="5.50947">
        <ele>1634</ele>
      </trkpt>
      <trkpt lat="44.80955" lon="5.50956">
        <ele>1633</ele>
      </trkpt>
      <trkpt lat="44.80983" lon="5.50962">
        <ele>1632</ele>
      </trkpt>
      <trkpt lat="44.80997" lon="5.50973">
        <ele>1632</ele>
      </trkpt>
      <trkpt lat="44.81009" lon="5.50985">
        <ele>1634</ele>
      </trkpt>
      <trkpt lat="44.81022" lon="5.50987">
        <ele>1634</ele>
      </trkpt>
      <trkpt lat="44.81038" lon="5.5101">
        <ele>1637</ele>
      </trkpt>
      <trkpt lat="44.81061" lon="5.5102">
        <ele>1638</ele>
      </trkpt>
      <trkpt lat="44.81078" lon="5.51043">
        <ele>1640</ele>
      </trkpt>
      <trkpt lat="44.81092" lon="5.51046">
        <ele>1641</ele>
      </trkpt>
      <trkpt lat="44.81095" lon="5.51049">
        <ele>1641</ele>
      </trkpt>
      <trkpt lat="44.81103" lon="5.51051">
        <ele>1641</ele>
      </trkpt>
      <trkpt lat="44.81119" lon="5.51047">
        <ele>1641</ele>
      </trkpt>
      <trkpt lat="44.81128" lon="5.51049">
        <ele>1642</ele>
      </trkpt>
      <trkpt lat="44.81138" lon="5.51045">
        <ele>1642</ele>
      </trkpt>
      <trkpt lat="44.81174" lon="5.51024">
        <ele>1640</ele>
      </trkpt>
      <trkpt lat="44.81181" lon="5.51015">
        <ele>1641</ele>
      </trkpt>
      <trkpt lat="44.8119" lon="5.50991">
        <ele>1642</ele>
      </trkpt>
      <trkpt lat="44.81195" lon="5.50984">
        <ele>1642</ele>
      </trkpt>
      <trkpt lat="44.81196" lon="5.50978">
        <ele>1642</ele>
      </trkpt>
      <trkpt lat="44.81205" lon="5.50961">
        <ele>1643</ele>
      </trkpt>
      <trkpt lat="44.81227" lon="5.50944">
        <ele>1643</ele>
      </trkpt>
      <trkpt lat="44.81234" lon="5.50941">
        <ele>1644</ele>
      </trkpt>
      <trkpt lat="44.81238" lon="5.50936">
        <ele>1644</ele>
      </trkpt>
      <trkpt lat="44.81241" lon="5.50921">
        <ele>1644</ele>
      </trkpt>
      <trkpt lat="44.81244" lon="5.50915">
        <ele>1644</ele>
      </trkpt>
      <trkpt lat="44.81258" lon="5.50904">
        <ele>1647</ele>
      </trkpt>
      <trkpt lat="44.81264" lon="5.5089">
        <ele>1648</ele>
      </trkpt>
      <trkpt lat="44.81269" lon="5.50883">
        <ele>1649</ele>
      </trkpt>
      <trkpt lat="44.81291" lon="5.50872">
        <ele>1651</ele>
      </trkpt>
      <trkpt lat="44.81309" lon="5.50857">
        <ele>1652</ele>
      </trkpt>
      <trkpt lat="44.81319" lon="5.50818">
        <ele>1655</ele>
      </trkpt>
      <trkpt lat="44.81323" lon="5.50812">
        <ele>1656</ele>
      </trkpt>
      <trkpt lat="44.81329" lon="5.50779">
        <ele>1658</ele>
      </trkpt>
      <trkpt lat="44.81338" lon="5.5076">
        <ele>1659</ele>
      </trkpt>
      <trkpt lat="44.81342" lon="5.50739">
        <ele>1661</ele>
      </trkpt>
      <trkpt lat="44.81347" lon="5.50724">
        <ele>1662</ele>
      </trkpt>
      <trkpt lat="44.81348" lon="5.50707">
        <ele>1664</ele>
      </trkpt>
      <trkpt lat="44.81366" lon="5.50647">
        <ele>1670</ele>
      </trkpt>
      <trkpt lat="44.81385" lon="5.50612">
        <ele>1675</ele>
      </trkpt>
      <trkpt lat="44.81391" lon="5.50584">
        <ele>1678</ele>
      </trkpt>
      <trkpt lat="44.81398" lon="5.50576">
        <ele>1679</ele>
      </trkpt>
      <trkpt lat="44.81405" lon="5.50571">
        <ele>1680</ele>
      </trkpt>
      <trkpt lat="44.81409" lon="5.50555">
        <ele>1681</ele>
      </trkpt>
      <trkpt lat="44.8142" lon="5.50544">
        <ele>1683</ele>
      </trkpt>
      <trkpt lat="44.81425" lon="5.5052">
        <ele>1686</ele>
      </trkpt>
      <trkpt lat="44.81434" lon="5.50508">
        <ele>1686</ele>
      </trkpt>
      <trkpt lat="44.81441" lon="5.5049">
        <ele>1686</ele>
      </trkpt>
      <trkpt lat="44.81445" lon="5.50475">
        <ele>1687</ele>
      </trkpt>
      <trkpt lat="44.8146" lon="5.50455">
        <ele>1688</ele>
      </trkpt>
      <trkpt lat="44.81467" lon="5.50441">
        <ele>1690</ele>
      </trkpt>
      <trkpt lat="44.81473" lon="5.50438">
        <ele>1689</ele>
      </trkpt>
      <trkpt lat="44.81489" lon="5.50438">
        <ele>1689</ele>
      </trkpt>
      <trkpt lat="44.81493" lon="5.50436">
        <ele>1689</ele>
      </trkpt>
      <trkpt lat="44.815" lon="5.50438">
        <ele>1688</ele>
      </trkpt>
      <trkpt lat="44.81511" lon="5.50432">
        <ele>1690</ele>
      </trkpt>
      <trkpt lat="44.81518" lon="5.50431">
        <ele>1690</ele>
      </trkpt>
      <trkpt lat="44.81523" lon="5.50432">
        <ele>1690</ele>
      </trkpt>
      <trkpt lat="44.81534" lon="5.50428">
        <ele>1691</ele>
      </trkpt>
      <trkpt lat="44.81541" lon="5.50415">
        <ele>1693</ele>
      </trkpt>
      <trkpt lat="44.81547" lon="5.50411">
        <ele>1693</ele>
      </trkpt>
      <trkpt lat="44.81551" lon="5.50405">
        <ele>1693</ele>
      </trkpt>
      <trkpt lat="44.81565" lon="5.50396">
        <ele>1692</ele>
      </trkpt>
      <trkpt lat="44.81578" lon="5.50399">
        <ele>1692</ele>
      </trkpt>
      <trkpt lat="44.81605" lon="5.50409">
        <ele>1693</ele>
      </trkpt>
      <trkpt lat="44.81633" lon="5.50398">
        <ele>1692</ele>
      </trkpt>
      <trkpt lat="44.81643" lon="5.50398">
        <ele>1691</ele>
      </trkpt>
      <trkpt lat="44.81664" lon="5.50406">
        <ele>1689</ele>
      </trkpt>
      <trkpt lat="44.81668" lon="5.50406">
        <ele>1689</ele>
      </trkpt>
      <trkpt lat="44.81679" lon="5.50411">
        <ele>1690</ele>
      </trkpt>
      <trkpt lat="44.81688" lon="5.50412">
        <ele>1690</ele>
      </trkpt>
      <trkpt lat="44.817" lon="5.50411">
        <ele>1689</ele>
      </trkpt>
      <trkpt lat="44.81711" lon="5.50403">
        <ele>1688</ele>
      </trkpt>
      <trkpt lat="44.81719" lon="5.50393">
        <ele>1688</ele>
      </trkpt>
      <trkpt lat="44.81727" lon="5.50379">
        <ele>1687</ele>
      </trkpt>
      <trkpt lat="44.81739" lon="5.50341">
        <ele>1684</ele>
      </trkpt>
      <trkpt lat="44.81745" lon="5.50312">
        <ele>1682</ele>
      </trkpt>
      <trkpt lat="44.81747" lon="5.50294">
        <ele>1682</ele>
      </trkpt>
      <trkpt lat="44.81793" lon="5.5031">
        <ele>1679</ele>
      </trkpt>
      <trkpt lat="44.81806" lon="5.50311">
        <ele>1678</ele>
      </trkpt>
      <trkpt lat="44.81812" lon="5.50315">
        <ele>1677</ele>
      </trkpt>
      <trkpt lat="44.81814" lon="5.50321">
        <ele>1676</ele>
      </trkpt>
      <trkpt lat="44.8182" lon="5.50321">
        <ele>1675</ele>
      </trkpt>
      <trkpt lat="44.81829" lon="5.50324">
        <ele>1674</ele>
      </trkpt>
      <trkpt lat="44.81835" lon="5.50314">
        <ele>1674</ele>
      </trkpt>
      <trkpt lat="44.8184" lon="5.50314">
        <ele>1674</ele>
      </trkpt>
      <trkpt lat="44.81843" lon="5.50316">
        <ele>1674</ele>
      </trkpt>
      <trkpt lat="44.81853" lon="5.50318">
        <ele>1674</ele>
      </trkpt>
      <trkpt lat="44.81858" lon="5.50316">
        <ele>1675</ele>
      </trkpt>
      <trkpt lat="44.81862" lon="5.50318">
        <ele>1674</ele>
      </trkpt>
      <trkpt lat="44.81874" lon="5.50316">
        <ele>1675</ele>
      </trkpt>
      <trkpt lat="44.81885" lon="5.503">
        <ele>1677</ele>
      </trkpt>
      <trkpt lat="44.81891" lon="5.50297">
        <ele>1677</ele>
      </trkpt>
      <trkpt lat="44.81896" lon="5.5029">
        <ele>1678</ele>
      </trkpt>
      <trkpt lat="44.81914" lon="5.50289">
        <ele>1679</ele>
      </trkpt>
      <trkpt lat="44.81934" lon="5.5028">
        <ele>1678</ele>
      </trkpt>
      <trkpt lat="44.81941" lon="5.50272">
        <ele>1679</ele>
      </trkpt>
      <trkpt lat="44.81946" lon="5.5027">
        <ele>1679</ele>
      </trkpt>
      <trkpt lat="44.81948" lon="5.50267">
        <ele>1679</ele>
      </trkpt>
      <trkpt lat="44.81951" lon="5.50266">
        <ele>1678</ele>
      </trkpt>
      <trkpt lat="44.81955" lon="5.50267">
        <ele>1677</ele>
      </trkpt>
      <trkpt lat="44.81959" lon="5.50262">
        <ele>1677</ele>
      </trkpt>
      <trkpt lat="44.81959" lon="5.50257">
        <ele>1678</ele>
      </trkpt>
      <trkpt lat="44.81963" lon="5.50253">
        <ele>1678</ele>
      </trkpt>
      <trkpt lat="44.81967" lon="5.50245">
        <ele>1678</ele>
      </trkpt>
      <trkpt lat="44.81972" lon="5.5024">
        <ele>1678</ele>
      </trkpt>
      <trkpt lat="44.81976" lon="5.50232">
        <ele>1679</ele>
      </trkpt>
      <trkpt lat="44.81982" lon="5.50202">
        <ele>1680</ele>
      </trkpt>
      <trkpt lat="44.81995" lon="5.5019">
        <ele>1680</ele>
      </trkpt>
      <trkpt lat="44.82014" lon="5.50186">
        <ele>1677</ele>
      </trkpt>
      <trkpt lat="44.8202" lon="5.50181">
        <ele>1677</ele>
      </trkpt>
      <trkpt lat="44.82032" lon="5.50164">
        <ele>1677</ele>
      </trkpt>
      <trkpt lat="44.8204" lon="5.50159">
        <ele>1678</ele>
      </trkpt>
      <trkpt lat="44.82045" lon="5.50161">
        <ele>1678</ele>
      </trkpt>
      <trkpt lat="44.82052" lon="5.50156">
        <ele>1678</ele>
      </trkpt>
      <trkpt lat="44.82056" lon="5.50155">
        <ele>1678</ele>
      </trkpt>
      <trkpt lat="44.82068" lon="5.50163">
        <ele>1676</ele>
      </trkpt>
      <trkpt lat="44.82078" lon="5.50172">
        <ele>1674</ele>
      </trkpt>
      <trkpt lat="44.82089" lon="5.50174">
        <ele>1674</ele>
      </trkpt>
      <trkpt lat="44.821" lon="5.50168">
        <ele>1673</ele>
      </trkpt>
      <trkpt lat="44.82105" lon="5.50159">
        <ele>1673</ele>
      </trkpt>
      <trkpt lat="44.82125" lon="5.5016">
        <ele>1672</ele>
      </trkpt>
      <trkpt lat="44.82145" lon="5.50147">
        <ele>1673</ele>
      </trkpt>
      <trkpt lat="44.82164" lon="5.50155">
        <ele>1674</ele>
      </trkpt>
      <trkpt lat="44.82183" lon="5.50151">
        <ele>1676</ele>
      </trkpt>
      <trkpt lat="44.82195" lon="5.50162">
        <ele>1676</ele>
      </trkpt>
      <trkpt lat="44.82204" lon="5.50167">
        <ele>1678</ele>
      </trkpt>
      <trkpt lat="44.82213" lon="5.50176">
        <ele>1679</ele>
      </trkpt>
      <trkpt lat="44.82218" lon="5.50176">
        <ele>1680</ele>
      </trkpt>
      <trkpt lat="44.82226" lon="5.50182">
        <ele>1681</ele>
      </trkpt>
      <trkpt lat="44.82229" lon="5.50188">
        <ele>1681</ele>
      </trkpt>
      <trkpt lat="44.82238" lon="5.5019">
        <ele>1682</ele>
      </trkpt>
      <trkpt lat="44.82243" lon="5.50187">
        <ele>1683</ele>
      </trkpt>
      <trkpt lat="44.82246" lon="5.50187">
        <ele>1683</ele>
      </trkpt>
      <trkpt lat="44.82253" lon="5.50192">
        <ele>1683</ele>
      </trkpt>
      <trkpt lat="44.82254" lon="5.50191">
        <ele>1684</ele>
      </trkpt>
      <trkpt lat="44.82269" lon="5.50205">
        <ele>1683</ele>
      </trkpt>
      <trkpt lat="44.82289" lon="5.50208">
        <ele>1684</ele>
      </trkpt>
      <trkpt lat="44.82299" lon="5.50214">
        <ele>1684</ele>
      </trkpt>
      <trkpt lat="44.82304" lon="5.5022">
        <ele>1683</ele>
      </trkpt>
      <trkpt lat="44.82313" lon="5.50223">
        <ele>1683</ele>
      </trkpt>
      <trkpt lat="44.82316" lon="5.50222">
        <ele>1683</ele>
      </trkpt>
      <trkpt lat="44.82322" lon="5.50226">
        <ele>1684</ele>
      </trkpt>
      <trkpt lat="44.82348" lon="5.50219">
        <ele>1686</ele>
      </trkpt>
      <trkpt lat="44.82353" lon="5.5022">
        <ele>1686</ele>
      </trkpt>
      <trkpt lat="44.82358" lon="5.50232">
        <ele>1687</ele>
      </trkpt>
      <trkpt lat="44.82364" lon="5.50236">
        <ele>1687</ele>
      </trkpt>
      <trkpt lat="44.82373" lon="5.50234">
        <ele>1687</ele>
      </trkpt>
      <trkpt lat="44.82372" lon="5.5023">
        <ele>1687</ele>
      </trkpt>
      <trkpt lat="44.82373" lon="5.50227">
        <ele>1686</ele>
      </trkpt>
      <trkpt lat="44.82379" lon="5.50236">
        <ele>1687</ele>
      </trkpt>
      <trkpt lat="44.82382" lon="5.50237">
        <ele>1686</ele>
      </trkpt>
      <trkpt lat="44.82385" lon="5.50243">
        <ele>1687</ele>
      </trkpt>
      <trkpt lat="44.82391" lon="5.50249">
        <ele>1687</ele>
      </trkpt>
      <trkpt lat="44.82404" lon="5.50254">
        <ele>1689</ele>
      </trkpt>
      <trkpt lat="44.82412" lon="5.50255">
        <ele>1689</ele>
      </trkpt>
      <trkpt lat="44.82436" lon="5.50247">
        <ele>1693</ele>
      </trkpt>
      <trkpt lat="44.82444" lon="5.50246">
        <ele>1695</ele>
      </trkpt>
      <trkpt lat="44.82453" lon="5.50242">
        <ele>1697</ele>
      </trkpt>
      <trkpt lat="44.82467" lon="5.5024">
        <ele>1701</ele>
      </trkpt>
      <trkpt lat="44.82476" lon="5.50243">
        <ele>1703</ele>
      </trkpt>
      <trkpt lat="44.82482" lon="5.50241">
        <ele>1704</ele>
      </trkpt>
      <trkpt lat="44.8249" lon="5.50241">
        <ele>1705</ele>
      </trkpt>
      <trkpt lat="44.8249" lon="5.50245">
        <ele>1705</ele>
      </trkpt>
      <trkpt lat="44.8251" lon="5.50249">
        <ele>1709</ele>
      </trkpt>
      <trkpt lat="44.82514" lon="5.50246">
        <ele>1710</ele>
      </trkpt>
      <trkpt lat="44.8252" lon="5.50245">
        <ele>1711</ele>
      </trkpt>
      <trkpt lat="44.82527" lon="5.50241">
        <ele>1713</ele>
      </trkpt>
      <trkpt lat="44.82531" lon="5.50245">
        <ele>1714</ele>
      </trkpt>
      <trkpt lat="44.82545" lon="5.50252">
        <ele>1715</ele>
      </trkpt>
      <trkpt lat="44.82551" lon="5.50253">
        <ele>1716</ele>
      </trkpt>
      <trkpt lat="44.8256" lon="5.5026">
        <ele>1717</ele>
      </trkpt>
      <trkpt lat="44.82585" lon="5.5027">
        <ele>1718</ele>
      </trkpt>
      <trkpt lat="44.82607" lon="5.50273">
        <ele>1717</ele>
      </trkpt>
      <trkpt lat="44.82619" lon="5.50281">
        <ele>1717</ele>
      </trkpt>
      <trkpt lat="44.82629" lon="5.50318">
        <ele>1715</ele>
      </trkpt>
      <trkpt lat="44.82632" lon="5.50321">
        <ele>1714</ele>
      </trkpt>
      <trkpt lat="44.82647" lon="5.50292">
        <ele>1717</ele>
      </trkpt>
      <trkpt lat="44.82651" lon="5.50287">
        <ele>1717</ele>
      </trkpt>
      <trkpt lat="44.82668" lon="5.50278">
        <ele>1716</ele>
      </trkpt>
      <trkpt lat="44.82673" lon="5.50278">
        <ele>1716</ele>
      </trkpt>
      <trkpt lat="44.82682" lon="5.50269">
        <ele>1715</ele>
      </trkpt>
      <trkpt lat="44.82688" lon="5.50267">
        <ele>1715</ele>
      </trkpt>
      <trkpt lat="44.82711" lon="5.50266">
        <ele>1715</ele>
      </trkpt>
      <trkpt lat="44.82719" lon="5.50262">
        <ele>1715</ele>
      </trkpt>
      <trkpt lat="44.82738" lon="5.50279">
        <ele>1715</ele>
      </trkpt>
      <trkpt lat="44.82744" lon="5.50289">
        <ele>1715</ele>
      </trkpt>
      <trkpt lat="44.82752" lon="5.50285">
        <ele>1715</ele>
      </trkpt>
      <trkpt lat="44.82754" lon="5.50286">
        <ele>1715</ele>
      </trkpt>
      <trkpt lat="44.82756" lon="5.50293">
        <ele>1715</ele>
      </trkpt>
      <trkpt lat="44.82759" lon="5.50292">
        <ele>1714</ele>
      </trkpt>
      <trkpt lat="44.82766" lon="5.50293">
        <ele>1714</ele>
      </trkpt>
      <trkpt lat="44.82793" lon="5.50281">
        <ele>1711</ele>
      </trkpt>
      <trkpt lat="44.82819" lon="5.50258">
        <ele>1708</ele>
      </trkpt>
      <trkpt lat="44.82828" lon="5.50243">
        <ele>1707</ele>
      </trkpt>
      <trkpt lat="44.82835" lon="5.50235">
        <ele>1706</ele>
      </trkpt>
      <trkpt lat="44.82838" lon="5.50228">
        <ele>1705</ele>
      </trkpt>
      <trkpt lat="44.8284" lon="5.50227">
        <ele>1705</ele>
      </trkpt>
      <trkpt lat="44.82847" lon="5.50229">
        <ele>1705</ele>
      </trkpt>
      <trkpt lat="44.82854" lon="5.50236">
        <ele>1705</ele>
      </trkpt>
      <trkpt lat="44.82861" lon="5.50239">
        <ele>1704</ele>
      </trkpt>
      <trkpt lat="44.82873" lon="5.50256">
        <ele>1704</ele>
      </trkpt>
      <trkpt lat="44.82879" lon="5.50255">
        <ele>1703</ele>
      </trkpt>
      <trkpt lat="44.82887" lon="5.50256">
        <ele>1702</ele>
      </trkpt>
      <trkpt lat="44.82896" lon="5.50261">
        <ele>1702</ele>
      </trkpt>
      <trkpt lat="44.82909" lon="5.50271">
        <ele>1702</ele>
      </trkpt>
      <trkpt lat="44.82913" lon="5.50271">
        <ele>1702</ele>
      </trkpt>
      <trkpt lat="44.82926" lon="5.50261">
        <ele>1702</ele>
      </trkpt>
      <trkpt lat="44.82929" lon="5.50254">
        <ele>1702</ele>
      </trkpt>
      <trkpt lat="44.82921" lon="5.50288">
        <ele>1703</ele>
      </trkpt>
      <trkpt lat="44.8292" lon="5.50299">
        <ele>1704</ele>
      </trkpt>
      <trkpt lat="44.82926" lon="5.50348">
        <ele>1708</ele>
      </trkpt>
      <trkpt lat="44.8293" lon="5.50356">
        <ele>1709</ele>
      </trkpt>
      <trkpt lat="44.82932" lon="5.50379">
        <ele>1710</ele>
      </trkpt>
      <trkpt lat="44.82935" lon="5.50389">
        <ele>1710</ele>
      </trkpt>
      <trkpt lat="44.82933" lon="5.50408">
        <ele>1711</ele>
      </trkpt>
      <trkpt lat="44.82934" lon="5.50426">
        <ele>1713</ele>
      </trkpt>
      <trkpt lat="44.82933" lon="5.50433">
        <ele>1713</ele>
      </trkpt>
      <trkpt lat="44.82925" lon="5.50446">
        <ele>1714</ele>
      </trkpt>
      <trkpt lat="44.82922" lon="5.5046">
        <ele>1716</ele>
      </trkpt>
      <trkpt lat="44.82922" lon="5.50475">
        <ele>1717</ele>
      </trkpt>
      <trkpt lat="44.82915" lon="5.50502">
        <ele>1718</ele>
      </trkpt>
      <trkpt lat="44.82916" lon="5.50508">
        <ele>1719</ele>
      </trkpt>
      <trkpt lat="44.8293" lon="5.50508">
        <ele>1721</ele>
      </trkpt>
      <trkpt lat="44.82943" lon="5.50499">
        <ele>1722</ele>
      </trkpt>
      <trkpt lat="44.82948" lon="5.50498">
        <ele>1722</ele>
      </trkpt>
      <trkpt lat="44.82955" lon="5.505">
        <ele>1724</ele>
      </trkpt>
      <trkpt lat="44.82962" lon="5.50496">
        <ele>1725</ele>
      </trkpt>
      <trkpt lat="44.82966" lon="5.50487">
        <ele>1725</ele>
      </trkpt>
      <trkpt lat="44.82984" lon="5.50482">
        <ele>1729</ele>
      </trkpt>
      <trkpt lat="44.83004" lon="5.50468">
        <ele>1732</ele>
      </trkpt>
      <trkpt lat="44.83017" lon="5.50474">
        <ele>1735</ele>
      </trkpt>
      <trkpt lat="44.83022" lon="5.50478">
        <ele>1735</ele>
      </trkpt>
      <trkpt lat="44.83024" lon="5.50496">
        <ele>1736</ele>
      </trkpt>
      <trkpt lat="44.83029" lon="5.50508">
        <ele>1739</ele>
      </trkpt>
      <trkpt lat="44.83033" lon="5.50508">
        <ele>1740</ele>
      </trkpt>
      <trkpt lat="44.83044" lon="5.505">
        <ele>1741</ele>
      </trkpt>
      <trkpt lat="44.8305" lon="5.50503">
        <ele>1743</ele>
      </trkpt>
      <trkpt lat="44.83055" lon="5.50497">
        <ele>1743</ele>
      </trkpt>
      <trkpt lat="44.83063" lon="5.50493">
        <ele>1745</ele>
      </trkpt>
      <trkpt lat="44.83076" lon="5.50491">
        <ele>1747</ele>
      </trkpt>
      <trkpt lat="44.8308" lon="5.50488">
        <ele>1748</ele>
      </trkpt>
      <trkpt lat="44.83084" lon="5.50488">
        <ele>1748</ele>
      </trkpt>
      <trkpt lat="44.83091" lon="5.50494">
        <ele>1750</ele>
      </trkpt>
      <trkpt lat="44.83101" lon="5.50498">
        <ele>1751</ele>
      </trkpt>
      <trkpt lat="44.83107" lon="5.50498">
        <ele>1751</ele>
      </trkpt>
      <trkpt lat="44.83112" lon="5.50511">
        <ele>1754</ele>
      </trkpt>
      <trkpt lat="44.83114" lon="5.50513">
        <ele>1754</ele>
      </trkpt>
      <trkpt lat="44.83127" lon="5.50516">
        <ele>1757</ele>
      </trkpt>
      <trkpt lat="44.83133" lon="5.50514">
        <ele>1758</ele>
      </trkpt>
      <trkpt lat="44.83139" lon="5.50508">
        <ele>1758</ele>
      </trkpt>
      <trkpt lat="44.83143" lon="5.50495">
        <ele>1757</ele>
      </trkpt>
      <trkpt lat="44.83148" lon="5.50488">
        <ele>1759</ele>
      </trkpt>
      <trkpt lat="44.8315" lon="5.50468">
        <ele>1758</ele>
      </trkpt>
      <trkpt lat="44.83152" lon="5.50462">
        <ele>1760</ele>
      </trkpt>
      <trkpt lat="44.83151" lon="5.5045">
        <ele>1760</ele>
      </trkpt>
      <trkpt lat="44.83147" lon="5.50444">
        <ele>1759</ele>
      </trkpt>
      <trkpt lat="44.83152" lon="5.50399">
        <ele>1762</ele>
      </trkpt>
      <trkpt lat="44.83151" lon="5.50393">
        <ele>1761</ele>
      </trkpt>
      <trkpt lat="44.83155" lon="5.50384">
        <ele>1763</ele>
      </trkpt>
      <trkpt lat="44.83158" lon="5.50364">
        <ele>1765</ele>
      </trkpt>
      <trkpt lat="44.83161" lon="5.50358">
        <ele>1766</ele>
      </trkpt>
      <trkpt lat="44.83169" lon="5.50354">
        <ele>1767</ele>
      </trkpt>
      <trkpt lat="44.83178" lon="5.50352">
        <ele>1768</ele>
      </trkpt>
      <trkpt lat="44.83188" lon="5.50342">
        <ele>1769</ele>
      </trkpt>
      <trkpt lat="44.83195" lon="5.50332">
        <ele>1769</ele>
      </trkpt>
      <trkpt lat="44.83203" lon="5.5033">
        <ele>1769</ele>
      </trkpt>
      <trkpt lat="44.83217" lon="5.50338">
        <ele>1770</ele>
      </trkpt>
      <trkpt lat="44.83224" lon="5.50335">
        <ele>1770</ele>
      </trkpt>
      <trkpt lat="44.83228" lon="5.50336">
        <ele>1769</ele>
      </trkpt>
      <trkpt lat="44.83235" lon="5.50344">
        <ele>1769</ele>
      </trkpt>
      <trkpt lat="44.83245" lon="5.50361">
        <ele>1767</ele>
      </trkpt>
      <trkpt lat="44.83263" lon="5.50376">
        <ele>1767</ele>
      </trkpt>
      <trkpt lat="44.8331" lon="5.50397">
        <ele>1768</ele>
      </trkpt>
      <trkpt lat="44.83325" lon="5.50406">
        <ele>1769</ele>
      </trkpt>
      <trkpt lat="44.83367" lon="5.50425">
        <ele>1773</ele>
      </trkpt>
      <trkpt lat="44.83433" lon="5.50476">
        <ele>1775</ele>
      </trkpt>
      <trkpt lat="44.83447" lon="5.50484">
        <ele>1775</ele>
      </trkpt>
      <trkpt lat="44.83488" lon="5.50532">
        <ele>1771</ele>
      </trkpt>
      <trkpt lat="44.83515" lon="5.50557">
        <ele>1769</ele>
      </trkpt>
      <trkpt lat="44.83533" lon="5.50566">
        <ele>1769</ele>
      </trkpt>
      <trkpt lat="44.8356" lon="5.50576">
        <ele>1771</ele>
      </trkpt>
      <trkpt lat="44.8359" lon="5.50593">
        <ele>1771</ele>
      </trkpt>
      <trkpt lat="44.83609" lon="5.50615">
        <ele>1771</ele>
      </trkpt>
      <trkpt lat="44.83648" lon="5.5065">
        <ele>1771</ele>
      </trkpt>
      <trkpt lat="44.83676" lon="5.50684">
        <ele>1771</ele>
      </trkpt>
      <trkpt lat="44.83704" lon="5.50712">
        <ele>1773</ele>
      </trkpt>
      <trkpt lat="44.83708" lon="5.507">
        <ele>1773</ele>
      </trkpt>
      <trkpt lat="44.83714" lon="5.50693">
        <ele>1773</ele>
      </trkpt>
      <trkpt lat="44.83724" lon="5.50691">
        <ele>1774</ele>
      </trkpt>
      <trkpt lat="44.83727" lon="5.50689">
        <ele>1774</ele>
      </trkpt>
      <trkpt lat="44.83732" lon="5.5068">
        <ele>1774</ele>
      </trkpt>
      <trkpt lat="44.83754" lon="5.50686">
        <ele>1775</ele>
      </trkpt>
      <trkpt lat="44.83769" lon="5.50697">
        <ele>1776</ele>
      </trkpt>
      <trkpt lat="44.83774" lon="5.50696">
        <ele>1777</ele>
      </trkpt>
      <trkpt lat="44.83778" lon="5.50692">
        <ele>1777</ele>
      </trkpt>
      <trkpt lat="44.83788" lon="5.50691">
        <ele>1779</ele>
      </trkpt>
      <trkpt lat="44.83825" lon="5.50697">
        <ele>1784</ele>
      </trkpt>
      <trkpt lat="44.83832" lon="5.50693">
        <ele>1785</ele>
      </trkpt>
      <trkpt lat="44.8384" lon="5.50676">
        <ele>1786</ele>
      </trkpt>
      <trkpt lat="44.83867" lon="5.50712">
        <ele>1788</ele>
      </trkpt>
      <trkpt lat="44.83888" lon="5.50737">
        <ele>1789</ele>
      </trkpt>
      <trkpt lat="44.83896" lon="5.50751">
        <ele>1789</ele>
      </trkpt>
      <trkpt lat="44.83921" lon="5.50779">
        <ele>1792</ele>
      </trkpt>
      <trkpt lat="44.83938" lon="5.50808">
        <ele>1793</ele>
      </trkpt>
      <trkpt lat="44.83946" lon="5.50827">
        <ele>1793</ele>
      </trkpt>
      <trkpt lat="44.83955" lon="5.50838">
        <ele>1795</ele>
      </trkpt>
      <trkpt lat="44.83961" lon="5.50843">
        <ele>1796</ele>
      </trkpt>
      <trkpt lat="44.83968" lon="5.50854">
        <ele>1797</ele>
      </trkpt>
      <trkpt lat="44.8397" lon="5.5086">
        <ele>1797</ele>
      </trkpt>
      <trkpt lat="44.8398" lon="5.50868">
        <ele>1799</ele>
      </trkpt>
      <trkpt lat="44.83984" lon="5.5088">
        <ele>1800</ele>
      </trkpt>
      <trkpt lat="44.83992" lon="5.50891">
        <ele>1802</ele>
      </trkpt>
      <trkpt lat="44.84004" lon="5.50898">
        <ele>1804</ele>
      </trkpt>
      <trkpt lat="44.8403" lon="5.50933">
        <ele>1808</ele>
      </trkpt>
      <trkpt lat="44.8408" lon="5.50988">
        <ele>1815</ele>
      </trkpt>
      <trkpt lat="44.8409" lon="5.51005">
        <ele>1816</ele>
      </trkpt>
      <trkpt lat="44.84101" lon="5.51014">
        <ele>1817</ele>
      </trkpt>
      <trkpt lat="44.84107" lon="5.51021">
        <ele>1817</ele>
      </trkpt>
      <trkpt lat="44.8412" lon="5.51046">
        <ele>1820</ele>
      </trkpt>
      <trkpt lat="44.8415" lon="5.51115">
        <ele>1825</ele>
      </trkpt>
      <trkpt lat="44.84155" lon="5.51121">
        <ele>1826</ele>
      </trkpt>
      <trkpt lat="44.84161" lon="5.51125">
        <ele>1827</ele>
      </trkpt>
      <trkpt lat="44.84165" lon="5.51132">
        <ele>1828</ele>
      </trkpt>
      <trkpt lat="44.84177" lon="5.5117">
        <ele>1830</ele>
      </trkpt>
      <trkpt lat="44.84187" lon="5.51189">
        <ele>1832</ele>
      </trkpt>
      <trkpt lat="44.84207" lon="5.51195">
        <ele>1838</ele>
      </trkpt>
      <trkpt lat="44.84209" lon="5.51199">
        <ele>1838</ele>
      </trkpt>
      <trkpt lat="44.84213" lon="5.51232">
        <ele>1840</ele>
      </trkpt>
      <trkpt lat="44.84221" lon="5.51249">
        <ele>1844</ele>
      </trkpt>
      <trkpt lat="44.84239" lon="5.51264">
        <ele>1847</ele>
      </trkpt>
      <trkpt lat="44.84249" lon="5.5127">
        <ele>1850</ele>
      </trkpt>
      <trkpt lat="44.84252" lon="5.51274">
        <ele>1851</ele>
      </trkpt>
      <trkpt lat="44.84273" lon="5.51289">
        <ele>1857</ele>
      </trkpt>
      <trkpt lat="44.84283" lon="5.513">
        <ele>1860</ele>
      </trkpt>
      <trkpt lat="44.84292" lon="5.51315">
        <ele>1864</ele>
      </trkpt>
      <trkpt lat="44.843" lon="5.51333">
        <ele>1868</ele>
      </trkpt>
      <trkpt lat="44.84311" lon="5.51344">
        <ele>1870</ele>
      </trkpt>
      <trkpt lat="44.84326" lon="5.51353">
        <ele>1874</ele>
      </trkpt>
      <trkpt lat="44.84341" lon="5.51365">
        <ele>1877</ele>
      </trkpt>
      <trkpt lat="44.8435" lon="5.51369">
        <ele>1878</ele>
      </trkpt>
      <trkpt lat="44.84369" lon="5.51372">
        <ele>1881</ele>
      </trkpt>
      <trkpt lat="44.84375" lon="5.51393">
        <ele>1884</ele>
      </trkpt>
      <trkpt lat="44.84385" lon="5.514">
        <ele>1886</ele>
      </trkpt>
      <trkpt lat="44.84388" lon="5.51405">
        <ele>1887</ele>
      </trkpt>
      <trkpt lat="44.84409" lon="5.5142">
        <ele>1891</ele>
      </trkpt>
      <trkpt lat="44.84421" lon="5.51425">
        <ele>1893</ele>
      </trkpt>
      <trkpt lat="44.8444" lon="5.51437">
        <ele>1896</ele>
      </trkpt>
      <trkpt lat="44.84455" lon="5.51444">
        <ele>1897</ele>
      </trkpt>
      <trkpt lat="44.84463" lon="5.51452">
        <ele>1898</ele>
      </trkpt>
      <trkpt lat="44.84466" lon="5.5146">
        <ele>1899</ele>
      </trkpt>
      <trkpt lat="44.84469" lon="5.51497">
        <ele>1903</ele>
      </trkpt>
      <trkpt lat="44.84481" lon="5.51515">
        <ele>1905</ele>
      </trkpt>
      <trkpt lat="44.84495" lon="5.51531">
        <ele>1907</ele>
      </trkpt>
      <trkpt lat="44.84496" lon="5.51536">
        <ele>1907</ele>
      </trkpt>
      <trkpt lat="44.84501" lon="5.5154">
        <ele>1907</ele>
      </trkpt>
      <trkpt lat="44.84503" lon="5.5154">
        <ele>1907</ele>
      </trkpt>
      <trkpt lat="44.84508" lon="5.51548">
        <ele>1909</ele>
      </trkpt>
      <trkpt lat="44.84517" lon="5.51582">
        <ele>1912</ele>
      </trkpt>
      <trkpt lat="44.84521" lon="5.51592">
        <ele>1914</ele>
      </trkpt>
      <trkpt lat="44.84531" lon="5.51603">
        <ele>1916</ele>
      </trkpt>
      <trkpt lat="44.84536" lon="5.51606">
        <ele>1916</ele>
      </trkpt>
      <trkpt lat="44.84544" lon="5.5162">
        <ele>1918</ele>
      </trkpt>
      <trkpt lat="44.84555" lon="5.51645">
        <ele>1921</ele>
      </trkpt>
      <trkpt lat="44.84565" lon="5.51661">
        <ele>1922</ele>
      </trkpt>
      <trkpt lat="44.84587" lon="5.51688">
        <ele>1922</ele>
      </trkpt>
      <trkpt lat="44.8459" lon="5.51696">
        <ele>1921</ele>
      </trkpt>
      <trkpt lat="44.84591" lon="5.51705">
        <ele>1920</ele>
      </trkpt>
      <trkpt lat="44.846" lon="5.51725">
        <ele>1919</ele>
      </trkpt>
      <trkpt lat="44.84623" lon="5.5176">
        <ele>1916</ele>
      </trkpt>
      <trkpt lat="44.84643" lon="5.51782">
        <ele>1917</ele>
      </trkpt>
      <trkpt lat="44.84662" lon="5.5181">
        <ele>1916</ele>
      </trkpt>
      <trkpt lat="44.84679" lon="5.51825">
        <ele>1915</ele>
      </trkpt>
      <trkpt lat="44.84695" lon="5.51835">
        <ele>1917</ele>
      </trkpt>
      <trkpt lat="44.84703" lon="5.51837">
        <ele>1918</ele>
      </trkpt>
      <trkpt lat="44.84715" lon="5.51837">
        <ele>1919</ele>
      </trkpt>
      <trkpt lat="44.84724" lon="5.5184">
        <ele>1920</ele>
      </trkpt>
      <trkpt lat="44.84744" lon="5.51852">
        <ele>1922</ele>
      </trkpt>
      <trkpt lat="44.84754" lon="5.5186">
        <ele>1924</ele>
      </trkpt>
      <trkpt lat="44.84768" lon="5.51867">
        <ele>1924</ele>
      </trkpt>
      <trkpt lat="44.84792" lon="5.51899">
        <ele>1926</ele>
      </trkpt>
      <trkpt lat="44.8481" lon="5.51915">
        <ele>1928</ele>
      </trkpt>
      <trkpt lat="44.8482" lon="5.51922">
        <ele>1928</ele>
      </trkpt>
      <trkpt lat="44.84856" lon="5.5196">
        <ele>1931</ele>
      </trkpt>
      <trkpt lat="44.84877" lon="5.51977">
        <ele>1931</ele>
      </trkpt>
      <trkpt lat="44.8488" lon="5.51977">
        <ele>1931</ele>
      </trkpt>
      <trkpt lat="44.84888" lon="5.51965">
        <ele>1932</ele>
      </trkpt>
      <trkpt lat="44.84893" lon="5.51964">
        <ele>1932</ele>
      </trkpt>
      <trkpt lat="44.84898" lon="5.51965">
        <ele>1931</ele>
      </trkpt>
      <trkpt lat="44.84902" lon="5.51964">
        <ele>1931</ele>
      </trkpt>
      <trkpt lat="44.84931" lon="5.5197">
        <ele>1929</ele>
      </trkpt>
      <trkpt lat="44.84948" lon="5.51972">
        <ele>1927</ele>
      </trkpt>
      <trkpt lat="44.84957" lon="5.51982">
        <ele>1927</ele>
      </trkpt>
      <trkpt lat="44.84963" lon="5.51985">
        <ele>1926</ele>
      </trkpt>
      <trkpt lat="44.84983" lon="5.5199">
        <ele>1923</ele>
      </trkpt>
      <trkpt lat="44.84992" lon="5.51996">
        <ele>1923</ele>
      </trkpt>
      <trkpt lat="44.8501" lon="5.52004">
        <ele>1920</ele>
      </trkpt>
      <trkpt lat="44.85033" lon="5.5201">
        <ele>1915</ele>
      </trkpt>
      <trkpt lat="44.85053" lon="5.52026">
        <ele>1915</ele>
      </trkpt>
      <trkpt lat="44.85112" lon="5.52041">
        <ele>1907</ele>
      </trkpt>
      <trkpt lat="44.85135" lon="5.52043">
        <ele>1903</ele>
      </trkpt>
      <trkpt lat="44.85147" lon="5.52046">
        <ele>1902</ele>
      </trkpt>
      <trkpt lat="44.85165" lon="5.52057">
        <ele>1904</ele>
      </trkpt>
      <trkpt lat="44.85198" lon="5.52073">
        <ele>1903</ele>
      </trkpt>
      <trkpt lat="44.85229" lon="5.5208">
        <ele>1899</ele>
      </trkpt>
      <trkpt lat="44.85241" lon="5.52074">
        <ele>1894</ele>
      </trkpt>
      <trkpt lat="44.85272" lon="5.52047">
        <ele>1886</ele>
      </trkpt>
      <trkpt lat="44.85299" lon="5.52044">
        <ele>1884</ele>
      </trkpt>
      <trkpt lat="44.85313" lon="5.52037">
        <ele>1884</ele>
      </trkpt>
      <trkpt lat="44.85357" lon="5.52025">
        <ele>1879</ele>
      </trkpt>
      <trkpt lat="44.85377" lon="5.52016">
        <ele>1877</ele>
      </trkpt>
      <trkpt lat="44.85398" lon="5.52016">
        <ele>1876</ele>
      </trkpt>
      <trkpt lat="44.85418" lon="5.52021">
        <ele>1874</ele>
      </trkpt>
      <trkpt lat="44.85432" lon="5.52022">
        <ele>1875</ele>
      </trkpt>
      <trkpt lat="44.854545" lon="5.520198">
        <ele>1875</ele>
      </trkpt>
      <trkpt lat="44.85469" lon="5.5203">
        <ele>1875</ele>
      </trkpt>
      <trkpt lat="44.85478" lon="5.52042">
        <ele>1875</ele>
      </trkpt>
      <trkpt lat="44.85485" lon="5.52048">
        <ele>1875</ele>
      </trkpt>
      <trkpt lat="44.85492" lon="5.5206">
        <ele>1875</ele>
      </trkpt>
      <trkpt lat="44.85508" lon="5.5207">
        <ele>1873</ele>
      </trkpt>
      <trkpt lat="44.85513" lon="5.52076">
        <ele>1872</ele>
      </trkpt>
      <trkpt lat="44.85525" lon="5.52084">
        <ele>1868</ele>
      </trkpt>
      <trkpt lat="44.8554" lon="5.52101">
        <ele>1865</ele>
      </trkpt>
      <trkpt lat="44.85552" lon="5.521">
        <ele>1864</ele>
      </trkpt>
      <trkpt lat="44.85577" lon="5.52103">
        <ele>1859</ele>
      </trkpt>
      <trkpt lat="44.85585" lon="5.52102">
        <ele>1858</ele>
      </trkpt>
      <trkpt lat="44.85592" lon="5.52097">
        <ele>1856</ele>
      </trkpt>
      <trkpt lat="44.856235" lon="5.521272">
        <ele>1852</ele>
      </trkpt>
      <trkpt lat="44.856813" lon="5.522109">
        <ele>1868</ele>
      </trkpt>
      <trkpt lat="44.857483" lon="5.522731">
        <ele>1886</ele>
      </trkpt>
      <trkpt lat="44.85749" lon="5.52272">
        <ele>1886</ele>
      </trkpt>
      <trkpt lat="44.85765" lon="5.52287">
        <ele>1889</ele>
      </trkpt>
      <trkpt lat="44.8578" lon="5.52293">
        <ele>1890</ele>
      </trkpt>
      <trkpt lat="44.85795" lon="5.52294">
        <ele>1891</ele>
      </trkpt>
      <trkpt lat="44.85817" lon="5.52287">
        <ele>1892</ele>
      </trkpt>
      <trkpt lat="44.85842" lon="5.52265">
        <ele>1895</ele>
      </trkpt>
      <trkpt lat="44.85846" lon="5.52265">
        <ele>1894</ele>
      </trkpt>
      <trkpt lat="44.8585" lon="5.52261">
        <ele>1895</ele>
      </trkpt>
      <trkpt lat="44.85854" lon="5.5226">
        <ele>1895</ele>
      </trkpt>
      <trkpt lat="44.85864" lon="5.52248">
        <ele>1896</ele>
      </trkpt>
      <trkpt lat="44.85868" lon="5.52246">
        <ele>1896</ele>
      </trkpt>
      <trkpt lat="44.85883" lon="5.52244">
        <ele>1895</ele>
      </trkpt>
      <trkpt lat="44.85886" lon="5.52242">
        <ele>1896</ele>
      </trkpt>
      <trkpt lat="44.85895" lon="5.5223">
        <ele>1900</ele>
      </trkpt>
      <trkpt lat="44.859" lon="5.52228">
        <ele>1902</ele>
      </trkpt>
      <trkpt lat="44.85905" lon="5.52217">
        <ele>1906</ele>
      </trkpt>
      <trkpt lat="44.8591" lon="5.52214">
        <ele>1908</ele>
      </trkpt>
      <trkpt lat="44.85917" lon="5.52189">
        <ele>1913</ele>
      </trkpt>
      <trkpt lat="44.85919" lon="5.52188">
        <ele>1914</ele>
      </trkpt>
      <trkpt lat="44.85921" lon="5.52181">
        <ele>1916</ele>
      </trkpt>
      <trkpt lat="44.85926" lon="5.52174">
        <ele>1919</ele>
      </trkpt>
      <trkpt lat="44.85928" lon="5.52177">
        <ele>1920</ele>
      </trkpt>
      <trkpt lat="44.8593" lon="5.52186">
        <ele>1921</ele>
      </trkpt>
      <trkpt lat="44.85933" lon="5.52189">
        <ele>1923</ele>
      </trkpt>
      <trkpt lat="44.8594" lon="5.52154">
        <ele>1930</ele>
      </trkpt>
      <trkpt lat="44.85941" lon="5.52141">
        <ele>1932</ele>
      </trkpt>
      <trkpt lat="44.85945" lon="5.5213">
        <ele>1934</ele>
      </trkpt>
      <trkpt lat="44.85948" lon="5.52128">
        <ele>1936</ele>
      </trkpt>
      <trkpt lat="44.85959" lon="5.52149">
        <ele>1942</ele>
      </trkpt>
      <trkpt lat="44.85962" lon="5.52161">
        <ele>1944</ele>
      </trkpt>
      <trkpt lat="44.85964" lon="5.52163">
        <ele>1945</ele>
      </trkpt>
      <trkpt lat="44.85969" lon="5.52156">
        <ele>1949</ele>
      </trkpt>
      <trkpt lat="44.85974" lon="5.5216">
        <ele>1952</ele>
      </trkpt>
      <trkpt lat="44.85976" lon="5.52156">
        <ele>1953</ele>
      </trkpt>
      <trkpt lat="44.85979" lon="5.52156">
        <ele>1955</ele>
      </trkpt>
      <trkpt lat="44.85982" lon="5.52154">
        <ele>1956</ele>
      </trkpt>
      <trkpt lat="44.85985" lon="5.52147">
        <ele>1958</ele>
      </trkpt>
      <trkpt lat="44.85988" lon="5.52146">
        <ele>1959</ele>
      </trkpt>
      <trkpt lat="44.8599" lon="5.52148">
        <ele>1961</ele>
      </trkpt>
      <trkpt lat="44.85997" lon="5.52139">
        <ele>1964</ele>
      </trkpt>
      <trkpt lat="44.86001" lon="5.52128">
        <ele>1965</ele>
      </trkpt>
      <trkpt lat="44.86004" lon="5.52127">
        <ele>1967</ele>
      </trkpt>
      <trkpt lat="44.86014" lon="5.52112">
        <ele>1971</ele>
      </trkpt>
      <trkpt lat="44.86017" lon="5.52115">
        <ele>1973</ele>
      </trkpt>
      <trkpt lat="44.8602" lon="5.52112">
        <ele>1974</ele>
      </trkpt>
      <trkpt lat="44.86022" lon="5.52115">
        <ele>1976</ele>
      </trkpt>
      <trkpt lat="44.86023" lon="5.52112">
        <ele>1976</ele>
      </trkpt>
      <trkpt lat="44.86035" lon="5.52098">
        <ele>1980</ele>
      </trkpt>
      <trkpt lat="44.86037" lon="5.52098">
        <ele>1981</ele>
      </trkpt>
      <trkpt lat="44.86039" lon="5.5215">
        <ele>1991</ele>
      </trkpt>
      <trkpt lat="44.86041" lon="5.52153">
        <ele>1993</ele>
      </trkpt>
      <trkpt lat="44.8605" lon="5.52143">
        <ele>1998</ele>
      </trkpt>
      <trkpt lat="44.86053" lon="5.52172">
        <ele>2003</ele>
      </trkpt>
      <trkpt lat="44.86063" lon="5.52162">
        <ele>2009</ele>
      </trkpt>
      <trkpt lat="44.86066" lon="5.52153">
        <ele>2010</ele>
      </trkpt>
      <trkpt lat="44.86069" lon="5.5215">
        <ele>2011</ele>
      </trkpt>
      <trkpt lat="44.8607" lon="5.52163">
        <ele>2014</ele>
      </trkpt>
      <trkpt lat="44.86075" lon="5.52179">
        <ele>2019</ele>
      </trkpt>
      <trkpt lat="44.86077" lon="5.52176">
        <ele>2021</ele>
      </trkpt>
      <trkpt lat="44.8608" lon="5.52182">
        <ele>2023</ele>
      </trkpt>
      <trkpt lat="44.86086" lon="5.52178">
        <ele>2027</ele>
      </trkpt>
      <trkpt lat="44.86085" lon="5.5219">
        <ele>2028</ele>
      </trkpt>
      <trkpt lat="44.86094" lon="5.52184">
        <ele>2033</ele>
      </trkpt>
      <trkpt lat="44.86094" lon="5.52189">
        <ele>2033</ele>
      </trkpt>
      <trkpt lat="44.86096" lon="5.52188">
        <ele>2035</ele>
      </trkpt>
      <trkpt lat="44.861" lon="5.5218">
        <ele>2036</ele>
      </trkpt>
      <trkpt lat="44.86102" lon="5.52193">
        <ele>2039</ele>
      </trkpt>
      <trkpt lat="44.86101" lon="5.52197">
        <ele>2038</ele>
      </trkpt>
      <trkpt lat="44.86103" lon="5.52198">
        <ele>2040</ele>
      </trkpt>
      <trkpt lat="44.86106" lon="5.52195">
        <ele>2042</ele>
      </trkpt>
      <trkpt lat="44.8611" lon="5.52194">
        <ele>2044</ele>
      </trkpt>
      <trkpt lat="44.86111" lon="5.52202">
        <ele>2045</ele>
      </trkpt>
      <trkpt lat="44.86113" lon="5.52205">
        <ele>2047</ele>
      </trkpt>
      <trkpt lat="44.86118" lon="5.52201">
        <ele>2050</ele>
      </trkpt>
      <trkpt lat="44.86118" lon="5.5221">
        <ele>2050</ele>
      </trkpt>
      <trkpt lat="44.86121" lon="5.52211">
        <ele>2052</ele>
      </trkpt>
      <trkpt lat="44.86127" lon="5.52208">
        <ele>2056</ele>
      </trkpt>
      <trkpt lat="44.86127" lon="5.52216">
        <ele>2056</ele>
      </trkpt>
      <trkpt lat="44.86132" lon="5.52211">
        <ele>2059</ele>
      </trkpt>
      <trkpt lat="44.86132" lon="5.52215">
        <ele>2060</ele>
      </trkpt>
      <trkpt lat="44.86134" lon="5.52219">
        <ele>2061</ele>
      </trkpt>
      <trkpt lat="44.86136" lon="5.5221">
        <ele>2062</ele>
      </trkpt>
      <trkpt lat="44.86141" lon="5.52205">
        <ele>2065</ele>
      </trkpt>
      <trkpt lat="44.86143" lon="5.52206">
        <ele>2067</ele>
      </trkpt>
      <trkpt lat="44.86144" lon="5.52202">
        <ele>2068</ele>
      </trkpt>
      <trkpt lat="44.86143" lon="5.52197">
        <ele>2067</ele>
      </trkpt>
      <trkpt lat="44.86146" lon="5.52191">
        <ele>2069</ele>
      </trkpt>
      <trkpt lat="44.86155" lon="5.52184">
        <ele>2075</ele>
      </trkpt>
      <trkpt lat="44.86155" lon="5.52193">
        <ele>2075</ele>
      </trkpt>
      <trkpt lat="44.86157" lon="5.52196">
        <ele>2076</ele>
      </trkpt>
      <trkpt lat="44.86161" lon="5.52189">
        <ele>2079</ele>
      </trkpt>
      <trkpt lat="44.86164" lon="5.52188">
        <ele>2081</ele>
      </trkpt>
      <trkpt lat="44.86167" lon="5.522">
        <ele>2083</ele>
      </trkpt>
      <trkpt lat="44.86166" lon="5.52205">
        <ele>2083</ele>
      </trkpt>
      <trkpt lat="44.86167" lon="5.52209">
        <ele>2083</ele>
      </trkpt>
      <trkpt lat="44.86169" lon="5.52208">
        <ele>2084</ele>
      </trkpt>
      <trkpt lat="44.86177" lon="5.5219">
        <ele>2089</ele>
      </trkpt>
      <trkpt lat="44.86177" lon="5.52185">
        <ele>2089</ele>
      </trkpt>
      <trkpt lat="44.86179" lon="5.52183">
        <ele>2090</ele>
      </trkpt>
      <trkpt lat="44.86185" lon="5.52199">
        <ele>2094</ele>
      </trkpt>
      <trkpt lat="44.86189" lon="5.52215">
        <ele>2096</ele>
      </trkpt>
      <trkpt lat="44.86189" lon="5.5222">
        <ele>2096</ele>
      </trkpt>
      <trkpt lat="44.86191" lon="5.52224">
        <ele>2097</ele>
      </trkpt>
      <trkpt lat="44.86191" lon="5.5222">
        <ele>2097</ele>
      </trkpt>
      <trkpt lat="44.86199" lon="5.52201">
        <ele>2102</ele>
      </trkpt>
      <trkpt lat="44.86209" lon="5.52218">
        <ele>2107</ele>
      </trkpt>
      <trkpt lat="44.86213" lon="5.5223">
        <ele>2109</ele>
      </trkpt>
      <trkpt lat="44.86215" lon="5.52231">
        <ele>2110</ele>
      </trkpt>
      <trkpt lat="44.8622" lon="5.52211">
        <ele>2112</ele>
      </trkpt>
      <trkpt lat="44.86231" lon="5.5223">
        <ele>2117</ele>
      </trkpt>
      <trkpt lat="44.86231" lon="5.52234">
        <ele>2117</ele>
      </trkpt>
      <trkpt lat="44.86235" lon="5.52241">
        <ele>2118</ele>
      </trkpt>
      <trkpt lat="44.86239" lon="5.52226">
        <ele>2121</ele>
      </trkpt>
      <trkpt lat="44.86241" lon="5.52223">
        <ele>2122</ele>
      </trkpt>
      <trkpt lat="44.86253" lon="5.52242">
        <ele>2125</ele>
      </trkpt>
      <trkpt lat="44.86256" lon="5.52243">
        <ele>2126</ele>
      </trkpt>
      <trkpt lat="44.86266" lon="5.52252">
        <ele>2130</ele>
      </trkpt>
      <trkpt lat="44.86287" lon="5.52246">
        <ele>2137</ele>
      </trkpt>
      <trkpt lat="44.86295" lon="5.52251">
        <ele>2140</ele>
      </trkpt>
      <trkpt lat="44.863" lon="5.52247">
        <ele>2141</ele>
      </trkpt>
      <trkpt lat="44.86308" lon="5.52254">
        <ele>2144</ele>
      </trkpt>
      <trkpt lat="44.86313" lon="5.52265">
        <ele>2145</ele>
      </trkpt>
      <trkpt lat="44.86327" lon="5.52276">
        <ele>2151</ele>
      </trkpt>
      <trkpt lat="44.86359" lon="5.52295">
        <ele>2160</ele>
      </trkpt>
      <trkpt lat="44.86364" lon="5.523">
        <ele>2162</ele>
      </trkpt>
      <trkpt lat="44.86365" lon="5.52303">
        <ele>2162</ele>
      </trkpt>
      <trkpt lat="44.86392" lon="5.52314">
        <ele>2171</ele>
      </trkpt>
      <trkpt lat="44.86394" lon="5.52317">
        <ele>2172</ele>
      </trkpt>
      <trkpt lat="44.86397" lon="5.52317">
        <ele>2173</ele>
      </trkpt>
      <trkpt lat="44.86408" lon="5.52323">
        <ele>2177</ele>
      </trkpt>
      <trkpt lat="44.86417" lon="5.52325">
        <ele>2181</ele>
      </trkpt>
      <trkpt lat="44.86438" lon="5.5232">
        <ele>2189</ele>
      </trkpt>
      <trkpt lat="44.86444" lon="5.52321">
        <ele>2192</ele>
      </trkpt>
      <trkpt lat="44.86443" lon="5.52325">
        <ele>2192</ele>
      </trkpt>
      <trkpt lat="44.8645" lon="5.52328">
        <ele>2195</ele>
      </trkpt>
      <trkpt lat="44.86474" lon="5.5233">
        <ele>2203</ele>
      </trkpt>
      <trkpt lat="44.86467" lon="5.52344">
        <ele>2203</ele>
      </trkpt>
      <trkpt lat="44.86488" lon="5.52347">
        <ele>2209</ele>
      </trkpt>
      <trkpt lat="44.86489" lon="5.52355">
        <ele>2211</ele>
      </trkpt>
      <trkpt lat="44.86503" lon="5.5236">
        <ele>2216</ele>
      </trkpt>
      <trkpt lat="44.86509" lon="5.52359">
        <ele>2217</ele>
      </trkpt>
      <trkpt lat="44.86518" lon="5.52362">
        <ele>2221</ele>
      </trkpt>
      <trkpt lat="44.86524" lon="5.52361">
        <ele>2223</ele>
      </trkpt>
      <trkpt lat="44.86529" lon="5.52365">
        <ele>2224</ele>
      </trkpt>
      <trkpt lat="44.86525" lon="5.52371">
        <ele>2223</ele>
      </trkpt>
      <trkpt lat="44.86531" lon="5.52374">
        <ele>2225</ele>
      </trkpt>
      <trkpt lat="44.8654" lon="5.52382">
        <ele>2229</ele>
      </trkpt>
      <trkpt lat="44.86546" lon="5.52385">
        <ele>2231</ele>
      </trkpt>
      <trkpt lat="44.86549" lon="5.52385">
        <ele>2232</ele>
      </trkpt>
      <trkpt lat="44.86581" lon="5.52404">
        <ele>2241</ele>
      </trkpt>
      <trkpt lat="44.86587" lon="5.52405">
        <ele>2242</ele>
      </trkpt>
      <trkpt lat="44.86593" lon="5.52409">
        <ele>2244</ele>
      </trkpt>
      <trkpt lat="44.866" lon="5.52409">
        <ele>2245</ele>
      </trkpt>
      <trkpt lat="44.86619" lon="5.5242">
        <ele>2250</ele>
      </trkpt>
      <trkpt lat="44.86623" lon="5.5242">
        <ele>2250</ele>
      </trkpt>
      <trkpt lat="44.86629" lon="5.52424">
        <ele>2252</ele>
      </trkpt>
      <trkpt lat="44.86639" lon="5.52426">
        <ele>2253</ele>
      </trkpt>
      <trkpt lat="44.86645" lon="5.5243">
        <ele>2255</ele>
      </trkpt>
      <trkpt lat="44.86687" lon="5.52445">
        <ele>2262</ele>
      </trkpt>
      <trkpt lat="44.86692" lon="5.52448">
        <ele>2262</ele>
      </trkpt>
      <trkpt lat="44.86694" lon="5.52451">
        <ele>2263</ele>
      </trkpt>
      <trkpt lat="44.86707" lon="5.52453">
        <ele>2264</ele>
      </trkpt>
      <trkpt lat="44.86719" lon="5.52463">
        <ele>2267</ele>
      </trkpt>
      <trkpt lat="44.86723" lon="5.52469">
        <ele>2269</ele>
      </trkpt>
      <trkpt lat="44.86729" lon="5.52473">
        <ele>2271</ele>
      </trkpt>
      <trkpt lat="44.86745" lon="5.52479">
        <ele>2272</ele>
      </trkpt>
      <trkpt lat="44.86757" lon="5.52489">
        <ele>2275</ele>
      </trkpt>
      <trkpt lat="44.86769" lon="5.52494">
        <ele>2276</ele>
      </trkpt>
      <trkpt lat="44.86776" lon="5.52494">
        <ele>2276</ele>
      </trkpt>
      <trkpt lat="44.86783" lon="5.52496">
        <ele>2277</ele>
      </trkpt>
      <trkpt lat="44.86795" lon="5.5249">
        <ele>2277</ele>
      </trkpt>
      <trkpt lat="44.86823" lon="5.52496">
        <ele>2280</ele>
      </trkpt>
      <trkpt lat="44.86868" lon="5.52501">
        <ele>2285</ele>
      </trkpt>
      <trkpt lat="44.86878" lon="5.52505">
        <ele>2287</ele>
      </trkpt>
      <trkpt lat="44.86922" lon="5.52537">
        <ele>2298</ele>
      </trkpt>
      <trkpt lat="44.86926" lon="5.52544">
        <ele>2300</ele>
      </trkpt>
      <trkpt lat="44.86908" lon="5.52561">
        <ele>2303</ele>
      </trkpt>
      <trkpt lat="44.86908" lon="5.52565">
        <ele>2304</ele>
      </trkpt>
      <trkpt lat="44.86919" lon="5.52571">
        <ele>2307</ele>
      </trkpt>
      <trkpt lat="44.86925" lon="5.52577">
        <ele>2309</ele>
      </trkpt>
      <trkpt lat="44.86926" lon="5.52581">
        <ele>2310</ele>
      </trkpt>
      <trkpt lat="44.8692" lon="5.52585">
        <ele>2310</ele>
      </trkpt>
      <trkpt lat="44.86919" lon="5.52589">
        <ele>2310</ele>
      </trkpt>
      <trkpt lat="44.86933" lon="5.52615">
        <ele>2315</ele>
      </trkpt>
      <trkpt lat="44.86958" lon="5.52642">
        <ele>2320</ele>
      </trkpt>
      <trkpt lat="44.86962" lon="5.52649">
        <ele>2319</ele>
      </trkpt>
      <trkpt lat="44.86969" lon="5.52653">
        <ele>2320</ele>
      </trkpt>
      <trkpt lat="44.86974" lon="5.52654">
        <ele>2320</ele>
      </trkpt>
      <trkpt lat="44.86982" lon="5.5265">
        <ele>2320</ele>
      </trkpt>
      <trkpt lat="44.86989" lon="5.52649">
        <ele>2320</ele>
      </trkpt>
      <trkpt lat="44.86996" lon="5.5265">
        <ele>2319</ele>
      </trkpt>
      <trkpt lat="44.87005" lon="5.52648">
        <ele>2319</ele>
      </trkpt>
      <trkpt lat="44.87017" lon="5.52641">
        <ele>2320</ele>
      </trkpt>
      <trkpt lat="44.8703" lon="5.52636">
        <ele>2318</ele>
      </trkpt>
      <trkpt lat="44.87043" lon="5.52638">
        <ele>2318</ele>
      </trkpt>
      <trkpt lat="44.87049" lon="5.52634">
        <ele>2317</ele>
      </trkpt>
      <trkpt lat="44.87062" lon="5.52633">
        <ele>2314</ele>
      </trkpt>
      <trkpt lat="44.87067" lon="5.52635">
        <ele>2313</ele>
      </trkpt>
      <trkpt lat="44.87077" lon="5.52629">
        <ele>2310</ele>
      </trkpt>
      <trkpt lat="44.87088" lon="5.5263">
        <ele>2307</ele>
      </trkpt>
      <trkpt lat="44.87093" lon="5.52628">
        <ele>2304</ele>
      </trkpt>
      <trkpt lat="44.87093" lon="5.52625">
        <ele>2304</ele>
      </trkpt>
      <trkpt lat="44.871" lon="5.52625">
        <ele>2301</ele>
      </trkpt>
      <trkpt lat="44.87113" lon="5.5262">
        <ele>2296</ele>
      </trkpt>
      <trkpt lat="44.87124" lon="5.52621">
        <ele>2291</ele>
      </trkpt>
      <trkpt lat="44.87149" lon="5.5262">
        <ele>2284</ele>
      </trkpt>
      <trkpt lat="44.8718" lon="5.52605">
        <ele>2280</ele>
      </trkpt>
      <trkpt lat="44.87186" lon="5.526">
        <ele>2277</ele>
      </trkpt>
      <trkpt lat="44.87202" lon="5.52598">
        <ele>2273</ele>
      </trkpt>
      <trkpt lat="44.87207" lon="5.52595">
        <ele>2271</ele>
      </trkpt>
      <trkpt lat="44.87216" lon="5.52594">
        <ele>2268</ele>
      </trkpt>
      <trkpt lat="44.8723" lon="5.5259">
        <ele>2263</ele>
      </trkpt>
      <trkpt lat="44.87238" lon="5.52586">
        <ele>2259</ele>
      </trkpt>
      <trkpt lat="44.87241" lon="5.52587">
        <ele>2258</ele>
      </trkpt>
      <trkpt lat="44.87253" lon="5.52597">
        <ele>2256</ele>
      </trkpt>
      <trkpt lat="44.87257" lon="5.52592">
        <ele>2253</ele>
      </trkpt>
      <trkpt lat="44.87266" lon="5.52589">
        <ele>2249</ele>
      </trkpt>
      <trkpt lat="44.87281" lon="5.52577">
        <ele>2242</ele>
      </trkpt>
      <trkpt lat="44.8728" lon="5.52574">
        <ele>2241</ele>
      </trkpt>
      <trkpt lat="44.87276" lon="5.52572">
        <ele>2242</ele>
      </trkpt>
      <trkpt lat="44.87283" lon="5.52566">
        <ele>2240</ele>
      </trkpt>
      <trkpt lat="44.87297" lon="5.52565">
        <ele>2237</ele>
      </trkpt>
      <trkpt lat="44.87324" lon="5.5255">
        <ele>2234</ele>
      </trkpt>
      <trkpt lat="44.87359" lon="5.52534">
        <ele>2231</ele>
      </trkpt>
      <trkpt lat="44.87375" lon="5.52525">
        <ele>2225</ele>
      </trkpt>
      <trkpt lat="44.87391" lon="5.5252">
        <ele>2219</ele>
      </trkpt>
      <trkpt lat="44.87405" lon="5.52512">
        <ele>2208</ele>
      </trkpt>
      <trkpt lat="44.87428" lon="5.52492">
        <ele>2193</ele>
      </trkpt>
      <trkpt lat="44.87434" lon="5.52477">
        <ele>2192</ele>
      </trkpt>
      <trkpt lat="44.87446" lon="5.52461">
        <ele>2192</ele>
      </trkpt>
      <trkpt lat="44.87449" lon="5.5246">
        <ele>2192</ele>
      </trkpt>
      <trkpt lat="44.87462" lon="5.52443">
        <ele>2197</ele>
      </trkpt>
      <trkpt lat="44.87467" lon="5.52441">
        <ele>2199</ele>
      </trkpt>
      <trkpt lat="44.87485" lon="5.52421">
        <ele>2207</ele>
      </trkpt>
      <trkpt lat="44.87497" lon="5.52412">
        <ele>2212</ele>
      </trkpt>
      <trkpt lat="44.87503" lon="5.52405">
        <ele>2212</ele>
      </trkpt>
      <trkpt lat="44.87516" lon="5.52396">
        <ele>2212</ele>
      </trkpt>
      <trkpt lat="44.8756" lon="5.52378">
        <ele>2199</ele>
      </trkpt>
      <trkpt lat="44.87586" lon="5.52358">
        <ele>2178</ele>
      </trkpt>
      <trkpt lat="44.87589" lon="5.52357">
        <ele>2175</ele>
      </trkpt>
      <trkpt lat="44.87592" lon="5.52351">
        <ele>2172</ele>
      </trkpt>
      <trkpt lat="44.87594" lon="5.52351">
        <ele>2170</ele>
      </trkpt>
      <trkpt lat="44.87596" lon="5.52342">
        <ele>2168</ele>
      </trkpt>
      <trkpt lat="44.87602" lon="5.5234">
        <ele>2164</ele>
      </trkpt>
      <trkpt lat="44.87603" lon="5.52338">
        <ele>2164</ele>
      </trkpt>
      <trkpt lat="44.87601" lon="5.52332">
        <ele>2164</ele>
      </trkpt>
      <trkpt lat="44.87603" lon="5.52328">
        <ele>2163</ele>
      </trkpt>
      <trkpt lat="44.87606" lon="5.52329">
        <ele>2162</ele>
      </trkpt>
      <trkpt lat="44.87614" lon="5.52326">
        <ele>2158</ele>
      </trkpt>
      <trkpt lat="44.87617" lon="5.52327">
        <ele>2156</ele>
      </trkpt>
      <trkpt lat="44.87618" lon="5.52316">
        <ele>2156</ele>
      </trkpt>
      <trkpt lat="44.87626" lon="5.52314">
        <ele>2153</ele>
      </trkpt>
      <trkpt lat="44.87629" lon="5.52306">
        <ele>2154</ele>
      </trkpt>
      <trkpt lat="44.87637" lon="5.52302">
        <ele>2152</ele>
      </trkpt>
      <trkpt lat="44.87635" lon="5.52297">
        <ele>2152</ele>
      </trkpt>
      <trkpt lat="44.87636" lon="5.52292">
        <ele>2152</ele>
      </trkpt>
      <trkpt lat="44.87644" lon="5.52292">
        <ele>2150</ele>
      </trkpt>
      <trkpt lat="44.87641" lon="5.5228">
        <ele>2150</ele>
      </trkpt>
      <trkpt lat="44.87645" lon="5.52276">
        <ele>2148</ele>
      </trkpt>
      <trkpt lat="44.87652" lon="5.52278">
        <ele>2147</ele>
      </trkpt>
      <trkpt lat="44.87651" lon="5.52271">
        <ele>2145</ele>
      </trkpt>
      <trkpt lat="44.87657" lon="5.52273">
        <ele>2144</ele>
      </trkpt>
      <trkpt lat="44.87661" lon="5.5227">
        <ele>2142</ele>
      </trkpt>
      <trkpt lat="44.87664" lon="5.52271">
        <ele>2142</ele>
      </trkpt>
      <trkpt lat="44.87661" lon="5.52255">
        <ele>2138</ele>
      </trkpt>
      <trkpt lat="44.87669" lon="5.5225">
        <ele>2134</ele>
      </trkpt>
      <trkpt lat="44.87682" lon="5.5226">
        <ele>2131</ele>
      </trkpt>
      <trkpt lat="44.87687" lon="5.52258">
        <ele>2128</ele>
      </trkpt>
      <trkpt lat="44.87697" lon="5.52248">
        <ele>2122</ele>
      </trkpt>
      <trkpt lat="44.87705" lon="5.52244">
        <ele>2117</ele>
      </trkpt>
      <trkpt lat="44.87709" lon="5.5224">
        <ele>2115</ele>
      </trkpt>
      <trkpt lat="44.87709" lon="5.52237">
        <ele>2114</ele>
      </trkpt>
      <trkpt lat="44.87729" lon="5.52221">
        <ele>2105</ele>
      </trkpt>
      <trkpt lat="44.87734" lon="5.52215">
        <ele>2104</ele>
      </trkpt>
      <trkpt lat="44.87735" lon="5.5221">
        <ele>2103</ele>
      </trkpt>
      <trkpt lat="44.87751" lon="5.52213">
        <ele>2100</ele>
      </trkpt>
      <trkpt lat="44.87751" lon="5.52216">
        <ele>2101</ele>
      </trkpt>
      <trkpt lat="44.8776" lon="5.52222">
        <ele>2100</ele>
      </trkpt>
      <trkpt lat="44.8777" lon="5.52226">
        <ele>2098</ele>
      </trkpt>
      <trkpt lat="44.87773" lon="5.52231">
        <ele>2097</ele>
      </trkpt>
      <trkpt lat="44.87779" lon="5.52232">
        <ele>2096</ele>
      </trkpt>
      <trkpt lat="44.8779" lon="5.52239">
        <ele>2095</ele>
      </trkpt>
      <trkpt lat="44.87809" lon="5.52244">
        <ele>2095</ele>
      </trkpt>
      <trkpt lat="44.87814" lon="5.52244">
        <ele>2095</ele>
      </trkpt>
      <trkpt lat="44.87817" lon="5.52242">
        <ele>2096</ele>
      </trkpt>
      <trkpt lat="44.87824" lon="5.52243">
        <ele>2096</ele>
      </trkpt>
      <trkpt lat="44.87834" lon="5.52242">
        <ele>2096</ele>
      </trkpt>
      <trkpt lat="44.87866" lon="5.52243">
        <ele>2091</ele>
      </trkpt>
      <trkpt lat="44.87868" lon="5.52245">
        <ele>2091</ele>
      </trkpt>
      <trkpt lat="44.87872" lon="5.52245">
        <ele>2089</ele>
      </trkpt>
      <trkpt lat="44.87875" lon="5.5224">
        <ele>2089</ele>
      </trkpt>
      <trkpt lat="44.87882" lon="5.52235">
        <ele>2087</ele>
      </trkpt>
      <trkpt lat="44.87887" lon="5.52247">
        <ele>2085</ele>
      </trkpt>
      <trkpt lat="44.87897" lon="5.52248">
        <ele>2080</ele>
      </trkpt>
      <trkpt lat="44.87899" lon="5.52245">
        <ele>2078</ele>
      </trkpt>
      <trkpt lat="44.879" lon="5.52234">
        <ele>2076</ele>
      </trkpt>
      <trkpt lat="44.87899" lon="5.5223">
        <ele>2077</ele>
      </trkpt>
      <trkpt lat="44.87901" lon="5.52227">
        <ele>2075</ele>
      </trkpt>
      <trkpt lat="44.87917" lon="5.52248">
        <ele>2068</ele>
      </trkpt>
      <trkpt lat="44.87928" lon="5.52251">
        <ele>2060</ele>
      </trkpt>
      <trkpt lat="44.87933" lon="5.52257">
        <ele>2058</ele>
      </trkpt>
      <trkpt lat="44.87939" lon="5.52275">
        <ele>2057</ele>
      </trkpt>
      <trkpt lat="44.87954" lon="5.5229">
        <ele>2049</ele>
      </trkpt>
      <trkpt lat="44.87959" lon="5.523">
        <ele>2046</ele>
      </trkpt>
      <trkpt lat="44.87964" lon="5.52303">
        <ele>2044</ele>
      </trkpt>
      <trkpt lat="44.87966" lon="5.52302">
        <ele>2043</ele>
      </trkpt>
      <trkpt lat="44.87971" lon="5.52285">
        <ele>2039</ele>
      </trkpt>
      <trkpt lat="44.87966" lon="5.5227">
        <ele>2038</ele>
      </trkpt>
      <trkpt lat="44.87969" lon="5.52265">
        <ele>2034</ele>
      </trkpt>
      <trkpt lat="44.87971" lon="5.52265">
        <ele>2032</ele>
      </trkpt>
      <trkpt lat="44.87987" lon="5.52277">
        <ele>2024</ele>
      </trkpt>
      <trkpt lat="44.87997" lon="5.52289">
        <ele>2018</ele>
      </trkpt>
      <trkpt lat="44.88008" lon="5.52309">
        <ele>2013</ele>
      </trkpt>
      <trkpt lat="44.88011" lon="5.52304">
        <ele>2011</ele>
      </trkpt>
      <trkpt lat="44.88013" lon="5.52284">
        <ele>2005</ele>
      </trkpt>
      <trkpt lat="44.88016" lon="5.52283">
        <ele>2003</ele>
      </trkpt>
      <trkpt lat="44.88022" lon="5.5229">
        <ele>2000</ele>
      </trkpt>
      <trkpt lat="44.88023" lon="5.52294">
        <ele>2000</ele>
      </trkpt>
      <trkpt lat="44.88033" lon="5.52301">
        <ele>1995</ele>
      </trkpt>
      <trkpt lat="44.88041" lon="5.52309">
        <ele>1990</ele>
      </trkpt>
      <trkpt lat="44.88036" lon="5.52323">
        <ele>1990</ele>
      </trkpt>
      <trkpt lat="44.88044" lon="5.52325">
        <ele>1985</ele>
      </trkpt>
      <trkpt lat="44.88054" lon="5.52323">
        <ele>1979</ele>
      </trkpt>
      <trkpt lat="44.88056" lon="5.52325">
        <ele>1978</ele>
      </trkpt>
      <trkpt lat="44.88051" lon="5.52337">
        <ele>1977</ele>
      </trkpt>
      <trkpt lat="44.88061" lon="5.52334">
        <ele>1973</ele>
      </trkpt>
      <trkpt lat="44.88087" lon="5.52317">
        <ele>1954</ele>
      </trkpt>
      <trkpt lat="44.88095" lon="5.52308">
        <ele>1947</ele>
      </trkpt>
      <trkpt lat="44.88096" lon="5.52299">
        <ele>1946</ele>
      </trkpt>
      <trkpt lat="44.88086" lon="5.52258">
        <ele>1949</ele>
      </trkpt>
      <trkpt lat="44.88075" lon="5.5223">
        <ele>1945</ele>
      </trkpt>
      <trkpt lat="44.88073" lon="5.52218">
        <ele>1942</ele>
      </trkpt>
      <trkpt lat="44.88068" lon="5.52202">
        <ele>1941</ele>
      </trkpt>
      <trkpt lat="44.88069" lon="5.52201">
        <ele>1940</ele>
      </trkpt>
      <trkpt lat="44.88093" lon="5.52215">
        <ele>1931</ele>
      </trkpt>
      <trkpt lat="44.88097" lon="5.5222">
        <ele>1930</ele>
      </trkpt>
      <trkpt lat="44.88098" lon="5.52225">
        <ele>1932</ele>
      </trkpt>
      <trkpt lat="44.88106" lon="5.52232">
        <ele>1930</ele>
      </trkpt>
      <trkpt lat="44.8811" lon="5.52239">
        <ele>1929</ele>
      </trkpt>
      <trkpt lat="44.88126" lon="5.52252">
        <ele>1928</ele>
      </trkpt>
      <trkpt lat="44.88124" lon="5.5224">
        <ele>1926</ele>
      </trkpt>
      <trkpt lat="44.8812" lon="5.52233">
        <ele>1925</ele>
      </trkpt>
      <trkpt lat="44.88117" lon="5.52219">
        <ele>1922</ele>
      </trkpt>
      <trkpt lat="44.88126" lon="5.52214">
        <ele>1918</ele>
      </trkpt>
      <trkpt lat="44.88136" lon="5.52212">
        <ele>1915</ele>
      </trkpt>
      <trkpt lat="44.88146" lon="5.52206">
        <ele>1913</ele>
      </trkpt>
      <trkpt lat="44.88158" lon="5.52188">
        <ele>1908</ele>
      </trkpt>
      <trkpt lat="44.88164" lon="5.52184">
        <ele>1907</ele>
      </trkpt>
      <trkpt lat="44.8817" lon="5.52172">
        <ele>1903</ele>
      </trkpt>
      <trkpt lat="44.88173" lon="5.5217">
        <ele>1903</ele>
      </trkpt>
      <trkpt lat="44.88178" lon="5.52161">
        <ele>1901</ele>
      </trkpt>
      <trkpt lat="44.8818" lon="5.52161">
        <ele>1902</ele>
      </trkpt>
      <trkpt lat="44.88185" lon="5.52154">
        <ele>1900</ele>
      </trkpt>
      <trkpt lat="44.88185" lon="5.52151">
        <ele>1899</ele>
      </trkpt>
      <trkpt lat="44.88177" lon="5.52149">
        <ele>1894</ele>
      </trkpt>
      <trkpt lat="44.88178" lon="5.52145">
        <ele>1893</ele>
      </trkpt>
      <trkpt lat="44.88188" lon="5.52133">
        <ele>1891</ele>
      </trkpt>
      <trkpt lat="44.88197" lon="5.52115">
        <ele>1887</ele>
      </trkpt>
      <trkpt lat="44.88199" lon="5.52115">
        <ele>1888</ele>
      </trkpt>
      <trkpt lat="44.88202" lon="5.52111">
        <ele>1888</ele>
      </trkpt>
      <trkpt lat="44.88201" lon="5.52103">
        <ele>1884</ele>
      </trkpt>
      <trkpt lat="44.88197" lon="5.52101">
        <ele>1881</ele>
      </trkpt>
      <trkpt lat="44.88191" lon="5.52104">
        <ele>1879</ele>
      </trkpt>
      <trkpt lat="44.88182" lon="5.52104">
        <ele>1876</ele>
      </trkpt>
      <trkpt lat="44.88178" lon="5.52101">
        <ele>1873</ele>
      </trkpt>
      <trkpt lat="44.88169" lon="5.52104">
        <ele>1871</ele>
      </trkpt>
      <trkpt lat="44.88164" lon="5.52103">
        <ele>1870</ele>
      </trkpt>
      <trkpt lat="44.88158" lon="5.52099">
        <ele>1868</ele>
      </trkpt>
      <trkpt lat="44.88161" lon="5.52087">
        <ele>1864</ele>
      </trkpt>
      <trkpt lat="44.88171" lon="5.52071">
        <ele>1860</ele>
      </trkpt>
      <trkpt lat="44.88174" lon="5.52058">
        <ele>1857</ele>
      </trkpt>
      <trkpt lat="44.88173" lon="5.52054">
        <ele>1856</ele>
      </trkpt>
      <trkpt lat="44.88169" lon="5.52049">
        <ele>1853</ele>
      </trkpt>
      <trkpt lat="44.88171" lon="5.52029">
        <ele>1849</ele>
      </trkpt>
      <trkpt lat="44.88173" lon="5.52022">
        <ele>1848</ele>
      </trkpt>
      <trkpt lat="44.88171" lon="5.52019">
        <ele>1847</ele>
      </trkpt>
      <trkpt lat="44.8816" lon="5.52021">
        <ele>1846</ele>
      </trkpt>
      <trkpt lat="44.88161" lon="5.52005">
        <ele>1843</ele>
      </trkpt>
      <trkpt lat="44.8816" lon="5.51993">
        <ele>1840</ele>
      </trkpt>
      <trkpt lat="44.88163" lon="5.51976">
        <ele>1836</ele>
      </trkpt>
      <trkpt lat="44.88162" lon="5.51963">
        <ele>1832</ele>
      </trkpt>
      <trkpt lat="44.88159" lon="5.51956">
        <ele>1831</ele>
      </trkpt>
      <trkpt lat="44.8816" lon="5.51952">
        <ele>1830</ele>
      </trkpt>
      <trkpt lat="44.88164" lon="5.51952">
        <ele>1829</ele>
      </trkpt>
      <trkpt lat="44.88171" lon="5.51947">
        <ele>1828</ele>
      </trkpt>
      <trkpt lat="44.88174" lon="5.51941">
        <ele>1828</ele>
      </trkpt>
      <trkpt lat="44.88174" lon="5.51936">
        <ele>1827</ele>
      </trkpt>
      <trkpt lat="44.88178" lon="5.51923">
        <ele>1826</ele>
      </trkpt>
      <trkpt lat="44.88179" lon="5.51904">
        <ele>1822</ele>
      </trkpt>
      <trkpt lat="44.88189" lon="5.51883">
        <ele>1818</ele>
      </trkpt>
      <trkpt lat="44.88192" lon="5.51873">
        <ele>1816</ele>
      </trkpt>
      <trkpt lat="44.88193" lon="5.51857">
        <ele>1811</ele>
      </trkpt>
      <trkpt lat="44.88192" lon="5.51852">
        <ele>1809</ele>
      </trkpt>
      <trkpt lat="44.88185" lon="5.51853">
        <ele>1808</ele>
      </trkpt>
      <trkpt lat="44.88175" lon="5.51851">
        <ele>1805</ele>
      </trkpt>
      <trkpt lat="44.88172" lon="5.51849">
        <ele>1804</ele>
      </trkpt>
      <trkpt lat="44.88179" lon="5.51842">
        <ele>1803</ele>
      </trkpt>
      <trkpt lat="44.88184" lon="5.5182">
        <ele>1798</ele>
      </trkpt>
      <trkpt lat="44.8819" lon="5.51812">
        <ele>1797</ele>
      </trkpt>
      <trkpt lat="44.88193" lon="5.51799">
        <ele>1794</ele>
      </trkpt>
      <trkpt lat="44.88197" lon="5.51795">
        <ele>1794</ele>
      </trkpt>
      <trkpt lat="44.88199" lon="5.51773">
        <ele>1790</ele>
      </trkpt>
      <trkpt lat="44.88204" lon="5.51762">
        <ele>1788</ele>
      </trkpt>
      <trkpt lat="44.88196" lon="5.51733">
        <ele>1783</ele>
      </trkpt>
      <trkpt lat="44.88185" lon="5.51718">
        <ele>1781</ele>
      </trkpt>
      <trkpt lat="44.88158" lon="5.51703">
        <ele>1780</ele>
      </trkpt>
      <trkpt lat="44.88151" lon="5.51678">
        <ele>1778</ele>
      </trkpt>
      <trkpt lat="44.88154" lon="5.51655">
        <ele>1774</ele>
      </trkpt>
      <trkpt lat="44.88158" lon="5.51646">
        <ele>1773</ele>
      </trkpt>
      <trkpt lat="44.88159" lon="5.5163">
        <ele>1769</ele>
      </trkpt>
      <trkpt lat="44.88161" lon="5.51624">
        <ele>1768</ele>
      </trkpt>
      <trkpt lat="44.88169" lon="5.51612">
        <ele>1764</ele>
      </trkpt>
      <trkpt lat="44.88178" lon="5.51603">
        <ele>1762</ele>
      </trkpt>
      <trkpt lat="44.88194" lon="5.51598">
        <ele>1760</ele>
      </trkpt>
      <trkpt lat="44.88194" lon="5.51589">
        <ele>1757</ele>
      </trkpt>
      <trkpt lat="44.88197" lon="5.51587">
        <ele>1757</ele>
      </trkpt>
      <trkpt lat="44.88215" lon="5.51561">
        <ele>1749</ele>
      </trkpt>
      <trkpt lat="44.88221" lon="5.51556">
        <ele>1747</ele>
      </trkpt>
      <trkpt lat="44.88225" lon="5.51543">
        <ele>1743</ele>
      </trkpt>
      <trkpt lat="44.88224" lon="5.51532">
        <ele>1740</ele>
      </trkpt>
      <trkpt lat="44.88227" lon="5.51522">
        <ele>1738</ele>
      </trkpt>
      <trkpt lat="44.88232" lon="5.51515">
        <ele>1736</ele>
      </trkpt>
      <trkpt lat="44.8824" lon="5.51498">
        <ele>1733</ele>
      </trkpt>
      <trkpt lat="44.88238" lon="5.51496">
        <ele>1732</ele>
      </trkpt>
      <trkpt lat="44.88245" lon="5.51482">
        <ele>1730</ele>
      </trkpt>
      <trkpt lat="44.88246" lon="5.51473">
        <ele>1728</ele>
      </trkpt>
      <trkpt lat="44.88255" lon="5.51462">
        <ele>1726</ele>
      </trkpt>
      <trkpt lat="44.88262" lon="5.5145">
        <ele>1723</ele>
      </trkpt>
      <trkpt lat="44.88266" lon="5.51424">
        <ele>1718</ele>
      </trkpt>
      <trkpt lat="44.88272" lon="5.51406">
        <ele>1715</ele>
      </trkpt>
      <trkpt lat="44.88277" lon="5.51374">
        <ele>1711</ele>
      </trkpt>
      <trkpt lat="44.88281" lon="5.51363">
        <ele>1709</ele>
      </trkpt>
      <trkpt lat="44.88287" lon="5.51354">
        <ele>1708</ele>
      </trkpt>
      <trkpt lat="44.88302" lon="5.51339">
        <ele>1706</ele>
      </trkpt>
      <trkpt lat="44.88311" lon="5.51324">
        <ele>1704</ele>
      </trkpt>
      <trkpt lat="44.88313" lon="5.51294">
        <ele>1700</ele>
      </trkpt>
      <trkpt lat="44.88321" lon="5.51279">
        <ele>1698</ele>
      </trkpt>
      <trkpt lat="44.88332" lon="5.51242">
        <ele>1693</ele>
      </trkpt>
      <trkpt lat="44.88351" lon="5.51199">
        <ele>1685</ele>
      </trkpt>
      <trkpt lat="44.88355" lon="5.51183">
        <ele>1682</ele>
      </trkpt>
      <trkpt lat="44.88361" lon="5.51136">
        <ele>1676</ele>
      </trkpt>
      <trkpt lat="44.88366" lon="5.5112">
        <ele>1673</ele>
      </trkpt>
      <trkpt lat="44.88372" lon="5.51111">
        <ele>1671</ele>
      </trkpt>
      <trkpt lat="44.88381" lon="5.5105">
        <ele>1662</ele>
      </trkpt>
      <trkpt lat="44.884" lon="5.50988">
        <ele>1652</ele>
      </trkpt>
      <trkpt lat="44.88408" lon="5.50974">
        <ele>1649</ele>
      </trkpt>
      <trkpt lat="44.88415" lon="5.50965">
        <ele>1647</ele>
      </trkpt>
      <trkpt lat="44.88435" lon="5.5093">
        <ele>1641</ele>
      </trkpt>
      <trkpt lat="44.88452" lon="5.50874">
        <ele>1634</ele>
      </trkpt>
      <trkpt lat="44.88461" lon="5.50793">
        <ele>1627</ele>
      </trkpt>
      <trkpt lat="44.88465" lon="5.5077">
        <ele>1625</ele>
      </trkpt>
      <trkpt lat="44.88474" lon="5.50742">
        <ele>1623</ele>
      </trkpt>
      <trkpt lat="44.88423" lon="5.50734">
        <ele>1627</ele>
      </trkpt>
      <trkpt lat="44.88404" lon="5.50772">
        <ele>1631</ele>
      </trkpt>
      <trkpt lat="44.88389" lon="5.50792">
        <ele>1634</ele>
      </trkpt>
      <trkpt lat="44.88383" lon="5.50803">
        <ele>1635</ele>
      </trkpt>
      <trkpt lat="44.88379" lon="5.50817">
        <ele>1636</ele>
      </trkpt>
      <trkpt lat="44.88368" lon="5.50838">
        <ele>1639</ele>
      </trkpt>
      <trkpt lat="44.88364" lon="5.50842">
        <ele>1639</ele>
      </trkpt>
      <trkpt lat="44.88358" lon="5.50852">
        <ele>1641</ele>
      </trkpt>
      <trkpt lat="44.88344" lon="5.50868">
        <ele>1643</ele>
      </trkpt>
      <trkpt lat="44.88317" lon="5.50936">
        <ele>1651</ele>
      </trkpt>
      <trkpt lat="44.88313" lon="5.5094">
        <ele>1651</ele>
      </trkpt>
      <trkpt lat="44.88305" lon="5.50939">
        <ele>1652</ele>
      </trkpt>
      <trkpt lat="44.88293" lon="5.50944">
        <ele>1653</ele>
      </trkpt>
      <trkpt lat="44.8824" lon="5.51005">
        <ele>1664</ele>
      </trkpt>
      <trkpt lat="44.8823" lon="5.51019">
        <ele>1666</ele>
      </trkpt>
      <trkpt lat="44.88225" lon="5.51031">
        <ele>1667</ele>
      </trkpt>
      <trkpt lat="44.88224" lon="5.51043">
        <ele>1668</ele>
      </trkpt>
      <trkpt lat="44.88213" lon="5.51056">
        <ele>1670</ele>
      </trkpt>
      <trkpt lat="44.88206" lon="5.51061">
        <ele>1670</ele>
      </trkpt>
      <trkpt lat="44.882" lon="5.51068">
        <ele>1671</ele>
      </trkpt>
      <trkpt lat="44.88193" lon="5.51072">
        <ele>1672</ele>
      </trkpt>
      <trkpt lat="44.88168" lon="5.51081">
        <ele>1675</ele>
      </trkpt>
      <trkpt lat="44.88158" lon="5.51082">
        <ele>1676</ele>
      </trkpt>
      <trkpt lat="44.8815" lon="5.5108">
        <ele>1677</ele>
      </trkpt>
      <trkpt lat="44.88129" lon="5.51081">
        <ele>1679</ele>
      </trkpt>
      <trkpt lat="44.88121" lon="5.51078">
        <ele>1680</ele>
      </trkpt>
      <trkpt lat="44.88115" lon="5.51072">
        <ele>1681</ele>
      </trkpt>
      <trkpt lat="44.88102" lon="5.51078">
        <ele>1683</ele>
      </trkpt>
      <trkpt lat="44.88086" lon="5.51079">
        <ele>1685</ele>
      </trkpt>
      <trkpt lat="44.88077" lon="5.51076">
        <ele>1686</ele>
      </trkpt>
      <trkpt lat="44.88063" lon="5.51063">
        <ele>1687</ele>
      </trkpt>
      <trkpt lat="44.88061" lon="5.51058">
        <ele>1688</ele>
      </trkpt>
      <trkpt lat="44.88053" lon="5.5105">
        <ele>1688</ele>
      </trkpt>
      <trkpt lat="44.8802" lon="5.51047">
        <ele>1691</ele>
      </trkpt>
      <trkpt lat="44.88011" lon="5.5104">
        <ele>1691</ele>
      </trkpt>
      <trkpt lat="44.88006" lon="5.51039">
        <ele>1691</ele>
      </trkpt>
      <trkpt lat="44.87995" lon="5.51046">
        <ele>1691</ele>
      </trkpt>
      <trkpt lat="44.87991" lon="5.51046">
        <ele>1691</ele>
      </trkpt>
      <trkpt lat="44.87981" lon="5.51042">
        <ele>1691</ele>
      </trkpt>
      <trkpt lat="44.87962" lon="5.51012">
        <ele>1691</ele>
      </trkpt>
      <trkpt lat="44.87918" lon="5.5098">
        <ele>1689</ele>
      </trkpt>
      <trkpt lat="44.87901" lon="5.5096">
        <ele>1688</ele>
      </trkpt>
      <trkpt lat="44.87885" lon="5.50948">
        <ele>1687</ele>
      </trkpt>
      <trkpt lat="44.87872" lon="5.50946">
        <ele>1687</ele>
      </trkpt>
      <trkpt lat="44.87868" lon="5.50943">
        <ele>1687</ele>
      </trkpt>
      <trkpt lat="44.87863" lon="5.50934">
        <ele>1687</ele>
      </trkpt>
      <trkpt lat="44.8785" lon="5.50922">
        <ele>1686</ele>
      </trkpt>
      <trkpt lat="44.87841" lon="5.50917">
        <ele>1686</ele>
      </trkpt>
      <trkpt lat="44.87829" lon="5.50902">
        <ele>1686</ele>
      </trkpt>
      <trkpt lat="44.87801" lon="5.50884">
        <ele>1685</ele>
      </trkpt>
      <trkpt lat="44.87791" lon="5.50881">
        <ele>1684</ele>
      </trkpt>
      <trkpt lat="44.87787" lon="5.50882">
        <ele>1684</ele>
      </trkpt>
      <trkpt lat="44.87773" lon="5.50878">
        <ele>1683</ele>
      </trkpt>
      <trkpt lat="44.87751" lon="5.50876">
        <ele>1683</ele>
      </trkpt>
      <trkpt lat="44.87732" lon="5.50876">
        <ele>1682</ele>
      </trkpt>
      <trkpt lat="44.87716" lon="5.50873">
        <ele>1681</ele>
      </trkpt>
      <trkpt lat="44.87712" lon="5.50871">
        <ele>1681</ele>
      </trkpt>
      <trkpt lat="44.87694" lon="5.50852">
        <ele>1680</ele>
      </trkpt>
      <trkpt lat="44.87691" lon="5.50846">
        <ele>1680</ele>
      </trkpt>
      <trkpt lat="44.87682" lon="5.50838">
        <ele>1679</ele>
      </trkpt>
      <trkpt lat="44.87663" lon="5.50828">
        <ele>1679</ele>
      </trkpt>
      <trkpt lat="44.87648" lon="5.50804">
        <ele>1679</ele>
      </trkpt>
      <trkpt lat="44.87623" lon="5.5077">
        <ele>1680</ele>
      </trkpt>
      <trkpt lat="44.87586" lon="5.50753">
        <ele>1683</ele>
      </trkpt>
      <trkpt lat="44.87556" lon="5.50758">
        <ele>1684</ele>
      </trkpt>
      <trkpt lat="44.87525" lon="5.5078">
        <ele>1684</ele>
      </trkpt>
      <trkpt lat="44.87512" lon="5.50779">
        <ele>1683</ele>
      </trkpt>
      <trkpt lat="44.87493" lon="5.50782">
        <ele>1681</ele>
      </trkpt>
      <trkpt lat="44.87471" lon="5.50814">
        <ele>1684</ele>
      </trkpt>
      <trkpt lat="44.8746" lon="5.50824">
        <ele>1684</ele>
      </trkpt>
      <trkpt lat="44.87457" lon="5.50832">
        <ele>1685</ele>
      </trkpt>
      <trkpt lat="44.87445" lon="5.5084">
        <ele>1685</ele>
      </trkpt>
      <trkpt lat="44.87431" lon="5.50841">
        <ele>1685</ele>
      </trkpt>
      <trkpt lat="44.87418" lon="5.5084">
        <ele>1684</ele>
      </trkpt>
      <trkpt lat="44.87412" lon="5.50838">
        <ele>1684</ele>
      </trkpt>
      <trkpt lat="44.8741" lon="5.50835">
        <ele>1683</ele>
      </trkpt>
      <trkpt lat="44.87405" lon="5.50832">
        <ele>1683</ele>
      </trkpt>
      <trkpt lat="44.87388" lon="5.50838">
        <ele>1683</ele>
      </trkpt>
      <trkpt lat="44.87372" lon="5.50833">
        <ele>1682</ele>
      </trkpt>
      <trkpt lat="44.87359" lon="5.50831">
        <ele>1681</ele>
      </trkpt>
      <trkpt lat="44.87357" lon="5.50827">
        <ele>1680</ele>
      </trkpt>
      <trkpt lat="44.87356" lon="5.50818">
        <ele>1679</ele>
      </trkpt>
      <trkpt lat="44.87351" lon="5.50814">
        <ele>1679</ele>
      </trkpt>
      <trkpt lat="44.87345" lon="5.50813">
        <ele>1678</ele>
      </trkpt>
      <trkpt lat="44.8734" lon="5.50816">
        <ele>1678</ele>
      </trkpt>
      <trkpt lat="44.87334" lon="5.50828">
        <ele>1679</ele>
      </trkpt>
      <trkpt lat="44.8733" lon="5.50832">
        <ele>1679</ele>
      </trkpt>
      <trkpt lat="44.87325" lon="5.50834">
        <ele>1679</ele>
      </trkpt>
      <trkpt lat="44.87317" lon="5.50831">
        <ele>1679</ele>
      </trkpt>
      <trkpt lat="44.87309" lon="5.50817">
        <ele>1678</ele>
      </trkpt>
      <trkpt lat="44.87281" lon="5.50797">
        <ele>1676</ele>
      </trkpt>
      <trkpt lat="44.87275" lon="5.50784">
        <ele>1675</ele>
      </trkpt>
      <trkpt lat="44.87268" lon="5.50779">
        <ele>1674</ele>
      </trkpt>
      <trkpt lat="44.87259" lon="5.50778">
        <ele>1674</ele>
      </trkpt>
      <trkpt lat="44.87255" lon="5.50779">
        <ele>1674</ele>
      </trkpt>
      <trkpt lat="44.87248" lon="5.50786">
        <ele>1675</ele>
      </trkpt>
      <trkpt lat="44.87207" lon="5.50788">
        <ele>1675</ele>
      </trkpt>
      <trkpt lat="44.87203" lon="5.5079">
        <ele>1675</ele>
      </trkpt>
      <trkpt lat="44.87173" lon="5.50785">
        <ele>1672</ele>
      </trkpt>
      <trkpt lat="44.87169" lon="5.50791">
        <ele>1673</ele>
      </trkpt>
      <trkpt lat="44.87158" lon="5.50794">
        <ele>1672</ele>
      </trkpt>
      <trkpt lat="44.87148" lon="5.50794">
        <ele>1672</ele>
      </trkpt>
      <trkpt lat="44.87141" lon="5.50796">
        <ele>1672</ele>
      </trkpt>
      <trkpt lat="44.8711" lon="5.5078">
        <ele>1668</ele>
      </trkpt>
      <trkpt lat="44.87097" lon="5.50762">
        <ele>1667</ele>
      </trkpt>
      <trkpt lat="44.87095" lon="5.50754">
        <ele>1666</ele>
      </trkpt>
      <trkpt lat="44.87073" lon="5.50712">
        <ele>1662</ele>
      </trkpt>
      <trkpt lat="44.87067" lon="5.50708">
        <ele>1662</ele>
      </trkpt>
      <trkpt lat="44.87047" lon="5.50688">
        <ele>1661</ele>
      </trkpt>
      <trkpt lat="44.87036" lon="5.50682">
        <ele>1660</ele>
      </trkpt>
      <trkpt lat="44.87005" lon="5.50645">
        <ele>1659</ele>
      </trkpt>
      <trkpt lat="44.8698" lon="5.50596">
        <ele>1661</ele>
      </trkpt>
      <trkpt lat="44.86968" lon="5.50586">
        <ele>1662</ele>
      </trkpt>
      <trkpt lat="44.86962" lon="5.50575">
        <ele>1662</ele>
      </trkpt>
      <trkpt lat="44.86957" lon="5.50572">
        <ele>1662</ele>
      </trkpt>
      <trkpt lat="44.86951" lon="5.50563">
        <ele>1662</ele>
      </trkpt>
      <trkpt lat="44.86938" lon="5.5055">
        <ele>1660</ele>
      </trkpt>
      <trkpt lat="44.86906" lon="5.50528">
        <ele>1655</ele>
      </trkpt>
      <trkpt lat="44.86896" lon="5.50524">
        <ele>1654</ele>
      </trkpt>
      <trkpt lat="44.86881" lon="5.50523">
        <ele>1653</ele>
      </trkpt>
      <trkpt lat="44.8687" lon="5.50524">
        <ele>1653</ele>
      </trkpt>
      <trkpt lat="44.86867" lon="5.50526">
        <ele>1653</ele>
      </trkpt>
      <trkpt lat="44.86859" lon="5.50525">
        <ele>1653</ele>
      </trkpt>
      <trkpt lat="44.86825" lon="5.50494">
        <ele>1653</ele>
      </trkpt>
      <trkpt lat="44.86823" lon="5.50489">
        <ele>1653</ele>
      </trkpt>
      <trkpt lat="44.86805" lon="5.50473">
        <ele>1653</ele>
      </trkpt>
      <trkpt lat="44.86792" lon="5.50467">
        <ele>1654</ele>
      </trkpt>
      <trkpt lat="44.86782" lon="5.50458">
        <ele>1654</ele>
      </trkpt>
      <trkpt lat="44.86775" lon="5.50448">
        <ele>1654</ele>
      </trkpt>
      <trkpt lat="44.86769" lon="5.50443">
        <ele>1654</ele>
      </trkpt>
      <trkpt lat="44.8676" lon="5.5044">
        <ele>1654</ele>
      </trkpt>
      <trkpt lat="44.86756" lon="5.50436">
        <ele>1654</ele>
      </trkpt>
      <trkpt lat="44.86752" lon="5.50425">
        <ele>1654</ele>
      </trkpt>
      <trkpt lat="44.86747" lon="5.50419">
        <ele>1653</ele>
      </trkpt>
      <trkpt lat="44.86743" lon="5.50409">
        <ele>1653</ele>
      </trkpt>
      <trkpt lat="44.86731" lon="5.50392">
        <ele>1653</ele>
      </trkpt>
      <trkpt lat="44.86713" lon="5.50375">
        <ele>1652</ele>
      </trkpt>
      <trkpt lat="44.86699" lon="5.50352">
        <ele>1651</ele>
      </trkpt>
      <trkpt lat="44.86678" lon="5.50338">
        <ele>1648</ele>
      </trkpt>
      <trkpt lat="44.86673" lon="5.50337">
        <ele>1647</ele>
      </trkpt>
      <trkpt lat="44.8664" lon="5.50311">
        <ele>1643</ele>
      </trkpt>
      <trkpt lat="44.86623" lon="5.50285">
        <ele>1642</ele>
      </trkpt>
      <trkpt lat="44.86612" lon="5.50253">
        <ele>1641</ele>
      </trkpt>
      <trkpt lat="44.86606" lon="5.5024">
        <ele>1641</ele>
      </trkpt>
      <trkpt lat="44.86606" lon="5.5023">
        <ele>1640</ele>
      </trkpt>
      <trkpt lat="44.86604" lon="5.50223">
        <ele>1640</ele>
      </trkpt>
      <trkpt lat="44.86603" lon="5.5021">
        <ele>1640</ele>
      </trkpt>
      <trkpt lat="44.86595" lon="5.50177">
        <ele>1640</ele>
      </trkpt>
      <trkpt lat="44.8659" lon="5.50172">
        <ele>1640</ele>
      </trkpt>
      <trkpt lat="44.86577" lon="5.50148">
        <ele>1640</ele>
      </trkpt>
      <trkpt lat="44.86569" lon="5.50139">
        <ele>1640</ele>
      </trkpt>
      <trkpt lat="44.86566" lon="5.50138">
        <ele>1640</ele>
      </trkpt>
      <trkpt lat="44.86555" lon="5.50121">
        <ele>1640</ele>
      </trkpt>
      <trkpt lat="44.86551" lon="5.50118">
        <ele>1640</ele>
      </trkpt>
      <trkpt lat="44.86545" lon="5.50106">
        <ele>1641</ele>
      </trkpt>
      <trkpt lat="44.8653" lon="5.50062">
        <ele>1644</ele>
      </trkpt>
      <trkpt lat="44.8653" lon="5.50052">
        <ele>1644</ele>
      </trkpt>
      <trkpt lat="44.86538" lon="5.50026">
        <ele>1644</ele>
      </trkpt>
      <trkpt lat="44.86541" lon="5.50022">
        <ele>1644</ele>
      </trkpt>
      <trkpt lat="44.86541" lon="5.50012">
        <ele>1644</ele>
      </trkpt>
      <trkpt lat="44.86536" lon="5.49998">
        <ele>1643</ele>
      </trkpt>
      <trkpt lat="44.86532" lon="5.49994">
        <ele>1644</ele>
      </trkpt>
      <trkpt lat="44.86529" lon="5.49981">
        <ele>1644</ele>
      </trkpt>
      <trkpt lat="44.8653" lon="5.49967">
        <ele>1644</ele>
      </trkpt>
      <trkpt lat="44.86526" lon="5.49955">
        <ele>1643</ele>
      </trkpt>
      <trkpt lat="44.86524" lon="5.49933">
        <ele>1643</ele>
      </trkpt>
      <trkpt lat="44.86526" lon="5.49926">
        <ele>1642</ele>
      </trkpt>
      <trkpt lat="44.86524" lon="5.49896">
        <ele>1640</ele>
      </trkpt>
      <trkpt lat="44.86519" lon="5.49883">
        <ele>1639</ele>
      </trkpt>
      <trkpt lat="44.86512" lon="5.49872">
        <ele>1638</ele>
      </trkpt>
      <trkpt lat="44.86504" lon="5.49828">
        <ele>1633</ele>
      </trkpt>
      <trkpt lat="44.86494" lon="5.49818">
        <ele>1632</ele>
      </trkpt>
      <trkpt lat="44.86487" lon="5.49814">
        <ele>1631</ele>
      </trkpt>
      <trkpt lat="44.8648" lon="5.49806">
        <ele>1630</ele>
      </trkpt>
      <trkpt lat="44.86474" lon="5.49804">
        <ele>1630</ele>
      </trkpt>
      <trkpt lat="44.86468" lon="5.49805">
        <ele>1630</ele>
      </trkpt>
      <trkpt lat="44.86463" lon="5.49808">
        <ele>1630</ele>
      </trkpt>
      <trkpt lat="44.86459" lon="5.49808">
        <ele>1630</ele>
      </trkpt>
      <trkpt lat="44.8645" lon="5.49797">
        <ele>1629</ele>
      </trkpt>
      <trkpt lat="44.86441" lon="5.49789">
        <ele>1628</ele>
      </trkpt>
      <trkpt lat="44.86415" lon="5.49773">
        <ele>1627</ele>
      </trkpt>
      <trkpt lat="44.8641" lon="5.49767">
        <ele>1626</ele>
      </trkpt>
      <trkpt lat="44.86404" lon="5.49765">
        <ele>1626</ele>
      </trkpt>
      <trkpt lat="44.86397" lon="5.49765">
        <ele>1626</ele>
      </trkpt>
      <trkpt lat="44.86388" lon="5.49761">
        <ele>1626</ele>
      </trkpt>
      <trkpt lat="44.86376" lon="5.49749">
        <ele>1625</ele>
      </trkpt>
      <trkpt lat="44.86366" lon="5.49716">
        <ele>1624</ele>
      </trkpt>
      <trkpt lat="44.86363" lon="5.49696">
        <ele>1623</ele>
      </trkpt>
      <trkpt lat="44.86351" lon="5.49672">
        <ele>1623</ele>
      </trkpt>
      <trkpt lat="44.86344" lon="5.49642">
        <ele>1622</ele>
      </trkpt>
      <trkpt lat="44.86337" lon="5.49622">
        <ele>1622</ele>
      </trkpt>
      <trkpt lat="44.86332" lon="5.49616">
        <ele>1622</ele>
      </trkpt>
      <trkpt lat="44.86304" lon="5.49601">
        <ele>1622</ele>
      </trkpt>
      <trkpt lat="44.86278" lon="5.49591">
        <ele>1622</ele>
      </trkpt>
      <trkpt lat="44.86273" lon="5.49585">
        <ele>1621</ele>
      </trkpt>
      <trkpt lat="44.8626" lon="5.49581">
        <ele>1621</ele>
      </trkpt>
      <trkpt lat="44.86252" lon="5.49574">
        <ele>1621</ele>
      </trkpt>
      <trkpt lat="44.86245" lon="5.49571">
        <ele>1621</ele>
      </trkpt>
      <trkpt lat="44.86171" lon="5.49523">
        <ele>1618</ele>
      </trkpt>
      <trkpt lat="44.86157" lon="5.49518">
        <ele>1617</ele>
      </trkpt>
      <trkpt lat="44.86144" lon="5.49506">
        <ele>1616</ele>
      </trkpt>
      <trkpt lat="44.86134" lon="5.49502">
        <ele>1615</ele>
      </trkpt>
      <trkpt lat="44.8612" lon="5.49499">
        <ele>1614</ele>
      </trkpt>
      <trkpt lat="44.86115" lon="5.49499">
        <ele>1614</ele>
      </trkpt>
      <trkpt lat="44.86099" lon="5.49506">
        <ele>1614</ele>
      </trkpt>
      <trkpt lat="44.86072" lon="5.49525">
        <ele>1614</ele>
      </trkpt>
      <trkpt lat="44.86069" lon="5.49529">
        <ele>1614</ele>
      </trkpt>
      <trkpt lat="44.86048" lon="5.49543">
        <ele>1614</ele>
      </trkpt>
      <trkpt lat="44.86035" lon="5.49555">
        <ele>1614</ele>
      </trkpt>
      <trkpt lat="44.86019" lon="5.49564">
        <ele>1614</ele>
      </trkpt>
      <trkpt lat="44.86008" lon="5.49567">
        <ele>1613</ele>
      </trkpt>
      <trkpt lat="44.85982" lon="5.49565">
        <ele>1612</ele>
      </trkpt>
      <trkpt lat="44.85962" lon="5.49567">
        <ele>1611</ele>
      </trkpt>
      <trkpt lat="44.8595" lon="5.49576">
        <ele>1610</ele>
      </trkpt>
      <trkpt lat="44.85935" lon="5.4958">
        <ele>1609</ele>
      </trkpt>
      <trkpt lat="44.85912" lon="5.4959">
        <ele>1608</ele>
      </trkpt>
      <trkpt lat="44.85894" lon="5.49587">
        <ele>1607</ele>
      </trkpt>
      <trkpt lat="44.85888" lon="5.4959">
        <ele>1607</ele>
      </trkpt>
      <trkpt lat="44.85873" lon="5.49594">
        <ele>1606</ele>
      </trkpt>
      <trkpt lat="44.85843" lon="5.49607">
        <ele>1604</ele>
      </trkpt>
      <trkpt lat="44.85832" lon="5.49608">
        <ele>1603</ele>
      </trkpt>
      <trkpt lat="44.8582" lon="5.49615">
        <ele>1602</ele>
      </trkpt>
      <trkpt lat="44.85767" lon="5.49621">
        <ele>1599</ele>
      </trkpt>
      <trkpt lat="44.85748" lon="5.49619">
        <ele>1598</ele>
      </trkpt>
      <trkpt lat="44.85722" lon="5.49603">
        <ele>1598</ele>
      </trkpt>
      <trkpt lat="44.85689" lon="5.49587">
        <ele>1594</ele>
      </trkpt>
      <trkpt lat="44.85674" lon="5.49583">
        <ele>1592</ele>
      </trkpt>
      <trkpt lat="44.85646" lon="5.49552">
        <ele>1586</ele>
      </trkpt>
      <trkpt lat="44.85617" lon="5.49512">
        <ele>1580</ele>
      </trkpt>
      <trkpt lat="44.85601" lon="5.495">
        <ele>1578</ele>
      </trkpt>
      <trkpt lat="44.8558" lon="5.49499">
        <ele>1577</ele>
      </trkpt>
      <trkpt lat="44.8557" lon="5.49491">
        <ele>1576</ele>
      </trkpt>
      <trkpt lat="44.85548" lon="5.49416">
        <ele>1573</ele>
      </trkpt>
      <trkpt lat="44.85535" lon="5.49381">
        <ele>1572</ele>
      </trkpt>
      <trkpt lat="44.85516" lon="5.49315">
        <ele>1570</ele>
      </trkpt>
      <trkpt lat="44.85507" lon="5.4929">
        <ele>1570</ele>
      </trkpt>
      <trkpt lat="44.85502" lon="5.4928">
        <ele>1569</ele>
      </trkpt>
      <trkpt lat="44.85488" lon="5.49239">
        <ele>1566</ele>
      </trkpt>
      <trkpt lat="44.85476" lon="5.49219">
        <ele>1565</ele>
      </trkpt>
      <trkpt lat="44.85473" lon="5.49208">
        <ele>1564</ele>
      </trkpt>
      <trkpt lat="44.85471" lon="5.49182">
        <ele>1562</ele>
      </trkpt>
      <trkpt lat="44.85472" lon="5.49171">
        <ele>1562</ele>
      </trkpt>
      <trkpt lat="44.85468" lon="5.49158">
        <ele>1562</ele>
      </trkpt>
      <trkpt lat="44.85456" lon="5.49147">
        <ele>1561</ele>
      </trkpt>
      <trkpt lat="44.85451" lon="5.49145">
        <ele>1561</ele>
      </trkpt>
      <trkpt lat="44.85438" lon="5.49135">
        <ele>1561</ele>
      </trkpt>
      <trkpt lat="44.85417" lon="5.49107">
        <ele>1562</ele>
      </trkpt>
      <trkpt lat="44.85403" lon="5.49078">
        <ele>1562</ele>
      </trkpt>
      <trkpt lat="44.85394" lon="5.49063">
        <ele>1562</ele>
      </trkpt>
      <trkpt lat="44.85392" lon="5.49051">
        <ele>1562</ele>
      </trkpt>
      <trkpt lat="44.85393" lon="5.49038">
        <ele>1561</ele>
      </trkpt>
      <trkpt lat="44.85388" lon="5.48956">
        <ele>1559</ele>
      </trkpt>
      <trkpt lat="44.85389" lon="5.48944">
        <ele>1559</ele>
      </trkpt>
      <trkpt lat="44.85411" lon="5.48926">
        <ele>1560</ele>
      </trkpt>
      <trkpt lat="44.85412" lon="5.4892">
        <ele>1561</ele>
      </trkpt>
      <trkpt lat="44.85403" lon="5.48885">
        <ele>1562</ele>
      </trkpt>
      <trkpt lat="44.85403" lon="5.48873">
        <ele>1562</ele>
      </trkpt>
      <trkpt lat="44.85398" lon="5.48861">
        <ele>1562</ele>
      </trkpt>
      <trkpt lat="44.85391" lon="5.48856">
        <ele>1562</ele>
      </trkpt>
      <trkpt lat="44.85371" lon="5.48849">
        <ele>1563</ele>
      </trkpt>
      <trkpt lat="44.85361" lon="5.48848">
        <ele>1564</ele>
      </trkpt>
      <trkpt lat="44.85342" lon="5.4884">
        <ele>1564</ele>
      </trkpt>
      <trkpt lat="44.85334" lon="5.48833">
        <ele>1564</ele>
      </trkpt>
      <trkpt lat="44.85297" lon="5.48793">
        <ele>1565</ele>
      </trkpt>
      <trkpt lat="44.85276" lon="5.48766">
        <ele>1565</ele>
      </trkpt>
      <trkpt lat="44.8525" lon="5.48738">
        <ele>1565</ele>
      </trkpt>
      <trkpt lat="44.85216" lon="5.48712">
        <ele>1568</ele>
      </trkpt>
      <trkpt lat="44.85189" lon="5.48701">
        <ele>1569</ele>
      </trkpt>
      <trkpt lat="44.85165" lon="5.48695">
        <ele>1570</ele>
      </trkpt>
      <trkpt lat="44.85141" lon="5.48692">
        <ele>1571</ele>
      </trkpt>
      <trkpt lat="44.85115" lon="5.48698">
        <ele>1573</ele>
      </trkpt>
      <trkpt lat="44.85105" lon="5.48702">
        <ele>1573</ele>
      </trkpt>
      <trkpt lat="44.85096" lon="5.487">
        <ele>1572</ele>
      </trkpt>
      <trkpt lat="44.85087" lon="5.48691">
        <ele>1572</ele>
      </trkpt>
      <trkpt lat="44.8507" lon="5.48661">
        <ele>1571</ele>
      </trkpt>
      <trkpt lat="44.85043" lon="5.48637">
        <ele>1569</ele>
      </trkpt>
      <trkpt lat="44.85009" lon="5.48637">
        <ele>1567</ele>
      </trkpt>
      <trkpt lat="44.84997" lon="5.4864">
        <ele>1567</ele>
      </trkpt>
      <trkpt lat="44.84972" lon="5.48668">
        <ele>1567</ele>
      </trkpt>
      <trkpt lat="44.8493" lon="5.48701">
        <ele>1570</ele>
      </trkpt>
      <trkpt lat="44.84908" lon="5.48684">
        <ele>1571</ele>
      </trkpt>
      <trkpt lat="44.84877" lon="5.48666">
        <ele>1571</ele>
      </trkpt>
      <trkpt lat="44.84833" lon="5.48624">
        <ele>1573</ele>
      </trkpt>
      <trkpt lat="44.84828" lon="5.48621">
        <ele>1573</ele>
      </trkpt>
      <trkpt lat="44.84802" lon="5.48595">
        <ele>1575</ele>
      </trkpt>
      <trkpt lat="44.84787" lon="5.48577">
        <ele>1575</ele>
      </trkpt>
      <trkpt lat="44.84754" lon="5.48554">
        <ele>1576</ele>
      </trkpt>
      <trkpt lat="44.84742" lon="5.48549">
        <ele>1576</ele>
      </trkpt>
      <trkpt lat="44.8473" lon="5.48541">
        <ele>1577</ele>
      </trkpt>
      <trkpt lat="44.84715" lon="5.48537">
        <ele>1577</ele>
      </trkpt>
      <trkpt lat="44.84705" lon="5.48537">
        <ele>1578</ele>
      </trkpt>
      <trkpt lat="44.84659" lon="5.4851">
        <ele>1579</ele>
      </trkpt>
      <trkpt lat="44.8465" lon="5.48513">
        <ele>1580</ele>
      </trkpt>
      <trkpt lat="44.84642" lon="5.48518">
        <ele>1580</ele>
      </trkpt>
      <trkpt lat="44.84615" lon="5.48523">
        <ele>1581</ele>
      </trkpt>
      <trkpt lat="44.84597" lon="5.48531">
        <ele>1581</ele>
      </trkpt>
      <trkpt lat="44.84587" lon="5.48529">
        <ele>1580</ele>
      </trkpt>
      <trkpt lat="44.84579" lon="5.48522">
        <ele>1580</ele>
      </trkpt>
      <trkpt lat="44.84567" lon="5.48517">
        <ele>1579</ele>
      </trkpt>
      <trkpt lat="44.84532" lon="5.48522">
        <ele>1577</ele>
      </trkpt>
      <trkpt lat="44.84526" lon="5.48525">
        <ele>1577</ele>
      </trkpt>
      <trkpt lat="44.84517" lon="5.48524">
        <ele>1577</ele>
      </trkpt>
      <trkpt lat="44.84505" lon="5.48517">
        <ele>1576</ele>
      </trkpt>
      <trkpt lat="44.84488" lon="5.48501">
        <ele>1575</ele>
      </trkpt>
      <trkpt lat="44.84458" lon="5.48489">
        <ele>1575</ele>
      </trkpt>
      <trkpt lat="44.84411" lon="5.48459">
        <ele>1577</ele>
      </trkpt>
      <trkpt lat="44.84384" lon="5.48445">
        <ele>1578</ele>
      </trkpt>
      <trkpt lat="44.84376" lon="5.48438">
        <ele>1579</ele>
      </trkpt>
      <trkpt lat="44.84352" lon="5.48425">
        <ele>1580</ele>
      </trkpt>
      <trkpt lat="44.8434" lon="5.48416">
        <ele>1581</ele>
      </trkpt>
      <trkpt lat="44.8433" lon="5.48417">
        <ele>1581</ele>
      </trkpt>
      <trkpt lat="44.84303" lon="5.48414">
        <ele>1582</ele>
      </trkpt>
      <trkpt lat="44.84294" lon="5.48411">
        <ele>1583</ele>
      </trkpt>
      <trkpt lat="44.8426" lon="5.48388">
        <ele>1586</ele>
      </trkpt>
      <trkpt lat="44.84257" lon="5.48384">
        <ele>1587</ele>
      </trkpt>
      <trkpt lat="44.8423" lon="5.48364">
        <ele>1590</ele>
      </trkpt>
      <trkpt lat="44.84187" lon="5.48359">
        <ele>1595</ele>
      </trkpt>
      <trkpt lat="44.84175" lon="5.48363">
        <ele>1596</ele>
      </trkpt>
      <trkpt lat="44.84151" lon="5.48358">
        <ele>1599</ele>
      </trkpt>
      <trkpt lat="44.84096" lon="5.48354">
        <ele>1603</ele>
      </trkpt>
      <trkpt lat="44.84089" lon="5.48351">
        <ele>1604</ele>
      </trkpt>
      <trkpt lat="44.84063" lon="5.48353">
        <ele>1606</ele>
      </trkpt>
      <trkpt lat="44.84054" lon="5.48349">
        <ele>1607</ele>
      </trkpt>
      <trkpt lat="44.84042" lon="5.48337">
        <ele>1607</ele>
      </trkpt>
      <trkpt lat="44.8403" lon="5.48331">
        <ele>1608</ele>
      </trkpt>
      <trkpt lat="44.84013" lon="5.48328">
        <ele>1609</ele>
      </trkpt>
      <trkpt lat="44.84001" lon="5.48319">
        <ele>1610</ele>
      </trkpt>
      <trkpt lat="44.83985" lon="5.48303">
        <ele>1611</ele>
      </trkpt>
      <trkpt lat="44.83951" lon="5.48285">
        <ele>1614</ele>
      </trkpt>
      <trkpt lat="44.83928" lon="5.48266">
        <ele>1616</ele>
      </trkpt>
      <trkpt lat="44.83901" lon="5.48251">
        <ele>1618</ele>
      </trkpt>
      <trkpt lat="44.83885" lon="5.48239">
        <ele>1619</ele>
      </trkpt>
      <trkpt lat="44.83862" lon="5.48218">
        <ele>1621</ele>
      </trkpt>
      <trkpt lat="44.83823" lon="5.48208">
        <ele>1623</ele>
      </trkpt>
      <trkpt lat="44.83817" lon="5.48204">
        <ele>1623</ele>
      </trkpt>
      <trkpt lat="44.83781" lon="5.48195">
        <ele>1624</ele>
      </trkpt>
      <trkpt lat="44.83767" lon="5.48194">
        <ele>1624</ele>
      </trkpt>
      <trkpt lat="44.83762" lon="5.48192">
        <ele>1624</ele>
      </trkpt>
      <trkpt lat="44.8375" lon="5.48191">
        <ele>1623</ele>
      </trkpt>
      <trkpt lat="44.83725" lon="5.48192">
        <ele>1623</ele>
      </trkpt>
      <trkpt lat="44.83712" lon="5.48196">
        <ele>1623</ele>
      </trkpt>
      <trkpt lat="44.837" lon="5.48193">
        <ele>1622</ele>
      </trkpt>
      <trkpt lat="44.83614" lon="5.48153">
        <ele>1626</ele>
      </trkpt>
      <trkpt lat="44.83561" lon="5.4814">
        <ele>1628</ele>
      </trkpt>
      <trkpt lat="44.83527" lon="5.48145">
        <ele>1628</ele>
      </trkpt>
      <trkpt lat="44.83484" lon="5.48159">
        <ele>1628</ele>
      </trkpt>
      <trkpt lat="44.83447" lon="5.48169">
        <ele>1629</ele>
      </trkpt>
      <trkpt lat="44.83419" lon="5.48172">
        <ele>1629</ele>
      </trkpt>
      <trkpt lat="44.83388" lon="5.4817">
        <ele>1627</ele>
      </trkpt>
      <trkpt lat="44.83367" lon="5.48184">
        <ele>1627</ele>
      </trkpt>
      <trkpt lat="44.83348" lon="5.48201">
        <ele>1627</ele>
      </trkpt>
      <trkpt lat="44.8334" lon="5.48205">
        <ele>1627</ele>
      </trkpt>
      <trkpt lat="44.83329" lon="5.48223">
        <ele>1627</ele>
      </trkpt>
      <trkpt lat="44.83324" lon="5.48222">
        <ele>1627</ele>
      </trkpt>
      <trkpt lat="44.83316" lon="5.482">
        <ele>1624</ele>
      </trkpt>
      <trkpt lat="44.83315" lon="5.48184">
        <ele>1623</ele>
      </trkpt>
      <trkpt lat="44.83312" lon="5.48179">
        <ele>1622</ele>
      </trkpt>
      <trkpt lat="44.833" lon="5.4817">
        <ele>1621</ele>
      </trkpt>
      <trkpt lat="44.83286" lon="5.48169">
        <ele>1622</ele>
      </trkpt>
      <trkpt lat="44.83272" lon="5.4817">
        <ele>1622</ele>
      </trkpt>
      <trkpt lat="44.83247" lon="5.48157">
        <ele>1622</ele>
      </trkpt>
      <trkpt lat="44.83233" lon="5.48156">
        <ele>1622</ele>
      </trkpt>
      <trkpt lat="44.83225" lon="5.48158">
        <ele>1622</ele>
      </trkpt>
      <trkpt lat="44.83213" lon="5.48153">
        <ele>1621</ele>
      </trkpt>
      <trkpt lat="44.83199" lon="5.48136">
        <ele>1621</ele>
      </trkpt>
      <trkpt lat="44.83179" lon="5.48118">
        <ele>1620</ele>
      </trkpt>
      <trkpt lat="44.83168" lon="5.48117">
        <ele>1619</ele>
      </trkpt>
      <trkpt lat="44.83152" lon="5.48123">
        <ele>1620</ele>
      </trkpt>
      <trkpt lat="44.83138" lon="5.48135">
        <ele>1620</ele>
      </trkpt>
      <trkpt lat="44.83128" lon="5.48157">
        <ele>1621</ele>
      </trkpt>
      <trkpt lat="44.83116" lon="5.48178">
        <ele>1622</ele>
      </trkpt>
      <trkpt lat="44.83092" lon="5.48272">
        <ele>1623</ele>
      </trkpt>
      <trkpt lat="44.83085" lon="5.48285">
        <ele>1621</ele>
      </trkpt>
      <trkpt lat="44.83052" lon="5.48408">
        <ele>1614</ele>
      </trkpt>
      <trkpt lat="44.8305" lon="5.48431">
        <ele>1615</ele>
      </trkpt>
      <trkpt lat="44.83041" lon="5.48463">
        <ele>1616</ele>
      </trkpt>
      <trkpt lat="44.83039" lon="5.48482">
        <ele>1618</ele>
      </trkpt>
      <trkpt lat="44.83033" lon="5.48503">
        <ele>1620</ele>
      </trkpt>
      <trkpt lat="44.83027" lon="5.4851">
        <ele>1620</ele>
      </trkpt>
      <trkpt lat="44.83018" lon="5.48515">
        <ele>1621</ele>
      </trkpt>
      <trkpt lat="44.8299" lon="5.48548">
        <ele>1620</ele>
      </trkpt>
      <trkpt lat="44.82988" lon="5.48552">
        <ele>1620</ele>
      </trkpt>
      <trkpt lat="44.82986" lon="5.48573">
        <ele>1621</ele>
      </trkpt>
      <trkpt lat="44.82977" lon="5.48597">
        <ele>1623</ele>
      </trkpt>
      <trkpt lat="44.82973" lon="5.48601">
        <ele>1624</ele>
      </trkpt>
      <trkpt lat="44.82963" lon="5.48604">
        <ele>1623</ele>
      </trkpt>
      <trkpt lat="44.82952" lon="5.48611">
        <ele>1623</ele>
      </trkpt>
      <trkpt lat="44.82926" lon="5.48632">
        <ele>1622</ele>
      </trkpt>
      <trkpt lat="44.82908" lon="5.48634">
        <ele>1617</ele>
      </trkpt>
      <trkpt lat="44.829" lon="5.48633">
        <ele>1616</ele>
      </trkpt>
      <trkpt lat="44.82874" lon="5.48635">
        <ele>1611</ele>
      </trkpt>
      <trkpt lat="44.8284" lon="5.48653">
        <ele>1610</ele>
      </trkpt>
      <trkpt lat="44.8281" lon="5.48656">
        <ele>1611</ele>
      </trkpt>
      <trkpt lat="44.82797" lon="5.48654">
        <ele>1611</ele>
      </trkpt>
      <trkpt lat="44.82782" lon="5.48648">
        <ele>1611</ele>
      </trkpt>
      <trkpt lat="44.82776" lon="5.48644">
        <ele>1611</ele>
      </trkpt>
      <trkpt lat="44.82749" lon="5.48609">
        <ele>1611</ele>
      </trkpt>
      <trkpt lat="44.82741" lon="5.48587">
        <ele>1611</ele>
      </trkpt>
      <trkpt lat="44.82734" lon="5.48543">
        <ele>1610</ele>
      </trkpt>
      <trkpt lat="44.82732" lon="5.48508">
        <ele>1609</ele>
      </trkpt>
      <trkpt lat="44.8273" lon="5.48499">
        <ele>1609</ele>
      </trkpt>
      <trkpt lat="44.82727" lon="5.48493">
        <ele>1608</ele>
      </trkpt>
      <trkpt lat="44.82723" lon="5.48429">
        <ele>1606</ele>
      </trkpt>
      <trkpt lat="44.82718" lon="5.48398">
        <ele>1606</ele>
      </trkpt>
      <trkpt lat="44.8269" lon="5.4829">
        <ele>1601</ele>
      </trkpt>
      <trkpt lat="44.82685" lon="5.48283">
        <ele>1601</ele>
      </trkpt>
      <trkpt lat="44.8269" lon="5.48279">
        <ele>1600</ele>
      </trkpt>
      <trkpt lat="44.82695" lon="5.48271">
        <ele>1601</ele>
      </trkpt>
      <trkpt lat="44.8269" lon="5.48279">
        <ele>1600</ele>
      </trkpt>
      <trkpt lat="44.82685" lon="5.48283">
        <ele>1601</ele>
      </trkpt>
      <trkpt lat="44.8269" lon="5.4829">
        <ele>1601</ele>
      </trkpt>
      <trkpt lat="44.82718" lon="5.48398">
        <ele>1606</ele>
      </trkpt>
      <trkpt lat="44.82724" lon="5.48434">
        <ele>1606</ele>
      </trkpt>
      <trkpt lat="44.82728" lon="5.48496">
        <ele>1608</ele>
      </trkpt>
      <trkpt lat="44.8273" lon="5.48499">
        <ele>1609</ele>
      </trkpt>
      <trkpt lat="44.82736" lon="5.48561">
        <ele>1611</ele>
      </trkpt>
      <trkpt lat="44.82745" lon="5.486">
        <ele>1611</ele>
      </trkpt>
      <trkpt lat="44.82749" lon="5.48609">
        <ele>1611</ele>
      </trkpt>
      <trkpt lat="44.82745" lon="5.48607">
        <ele>1611</ele>
      </trkpt>
      <trkpt lat="44.82737" lon="5.48607">
        <ele>1612</ele>
      </trkpt>
      <trkpt lat="44.82725" lon="5.48613">
        <ele>1613</ele>
      </trkpt>
      <trkpt lat="44.82697" lon="5.48633">
        <ele>1616</ele>
      </trkpt>
      <trkpt lat="44.82658" lon="5.48624">
        <ele>1617</ele>
      </trkpt>
      <trkpt lat="44.82621" lon="5.48621">
        <ele>1619</ele>
      </trkpt>
      <trkpt lat="44.82602" lon="5.4861">
        <ele>1621</ele>
      </trkpt>
      <trkpt lat="44.82587" lon="5.48606">
        <ele>1623</ele>
      </trkpt>
      <trkpt lat="44.82563" lon="5.48604">
        <ele>1626</ele>
      </trkpt>
      <trkpt lat="44.82548" lon="5.486">
        <ele>1627</ele>
      </trkpt>
      <trkpt lat="44.8254" lon="5.48594">
        <ele>1627</ele>
      </trkpt>
      <trkpt lat="44.82534" lon="5.48584">
        <ele>1626</ele>
      </trkpt>
      <trkpt lat="44.82524" lon="5.48578">
        <ele>1627</ele>
      </trkpt>
      <trkpt lat="44.82512" lon="5.48574">
        <ele>1627</ele>
      </trkpt>
      <trkpt lat="44.82495" lon="5.48562">
        <ele>1627</ele>
      </trkpt>
      <trkpt lat="44.8249" lon="5.48555">
        <ele>1627</ele>
      </trkpt>
      <trkpt lat="44.82482" lon="5.4855">
        <ele>1628</ele>
      </trkpt>
      <trkpt lat="44.8247" lon="5.48538">
        <ele>1628</ele>
      </trkpt>
      <trkpt lat="44.8245" lon="5.48526">
        <ele>1627</ele>
      </trkpt>
      <trkpt lat="44.82443" lon="5.48525">
        <ele>1627</ele>
      </trkpt>
      <trkpt lat="44.82427" lon="5.48529">
        <ele>1627</ele>
      </trkpt>
      <trkpt lat="44.8242" lon="5.48529">
        <ele>1627</ele>
      </trkpt>
      <trkpt lat="44.82399" lon="5.48538">
        <ele>1631</ele>
      </trkpt>
      <trkpt lat="44.82372" lon="5.48536">
        <ele>1634</ele>
      </trkpt>
      <trkpt lat="44.82361" lon="5.48543">
        <ele>1638</ele>
      </trkpt>
      <trkpt lat="44.82355" lon="5.48549">
        <ele>1640</ele>
      </trkpt>
      <trkpt lat="44.82352" lon="5.4855">
        <ele>1641</ele>
      </trkpt>
      <trkpt lat="44.82348" lon="5.4856">
        <ele>1643</ele>
      </trkpt>
      <trkpt lat="44.82341" lon="5.48591">
        <ele>1646</ele>
      </trkpt>
      <trkpt lat="44.82334" lon="5.48598">
        <ele>1646</ele>
      </trkpt>
      <trkpt lat="44.82309" lon="5.48578">
        <ele>1643</ele>
      </trkpt>
      <trkpt lat="44.82303" lon="5.48547">
        <ele>1640</ele>
      </trkpt>
      <trkpt lat="44.82291" lon="5.48517">
        <ele>1634</ele>
      </trkpt>
      <trkpt lat="44.82282" lon="5.48505">
        <ele>1633</ele>
      </trkpt>
      <trkpt lat="44.8227" lon="5.48497">
        <ele>1633</ele>
      </trkpt>
      <trkpt lat="44.8226" lon="5.48493">
        <ele>1632</ele>
      </trkpt>
      <trkpt lat="44.82252" lon="5.48487">
        <ele>1632</ele>
      </trkpt>
      <trkpt lat="44.82237" lon="5.4849">
        <ele>1632</ele>
      </trkpt>
      <trkpt lat="44.82223" lon="5.48497">
        <ele>1632</ele>
      </trkpt>
      <trkpt lat="44.82215" lon="5.48493">
        <ele>1634</ele>
      </trkpt>
      <trkpt lat="44.82212" lon="5.48493">
        <ele>1634</ele>
      </trkpt>
      <trkpt lat="44.82192" lon="5.48481">
        <ele>1634</ele>
      </trkpt>
      <trkpt lat="44.82177" lon="5.48479">
        <ele>1635</ele>
      </trkpt>
      <trkpt lat="44.82166" lon="5.48463">
        <ele>1633</ele>
      </trkpt>
      <trkpt lat="44.8216" lon="5.48463">
        <ele>1633</ele>
      </trkpt>
      <trkpt lat="44.82143" lon="5.48477">
        <ele>1634</ele>
      </trkpt>
      <trkpt lat="44.82126" lon="5.48484">
        <ele>1633</ele>
      </trkpt>
      <trkpt lat="44.82105" lon="5.48495">
        <ele>1631</ele>
      </trkpt>
      <trkpt lat="44.82096" lon="5.48495">
        <ele>1629</ele>
      </trkpt>
      <trkpt lat="44.82081" lon="5.48485">
        <ele>1627</ele>
      </trkpt>
      <trkpt lat="44.82069" lon="5.48466">
        <ele>1629</ele>
      </trkpt>
      <trkpt lat="44.82054" lon="5.48455">
        <ele>1631</ele>
      </trkpt>
      <trkpt lat="44.82036" lon="5.48446">
        <ele>1632</ele>
      </trkpt>
      <trkpt lat="44.82021" lon="5.48442">
        <ele>1633</ele>
      </trkpt>
      <trkpt lat="44.82014" lon="5.48438">
        <ele>1634</ele>
      </trkpt>
      <trkpt lat="44.82007" lon="5.48426">
        <ele>1636</ele>
      </trkpt>
      <trkpt lat="44.82006" lon="5.48419">
        <ele>1637</ele>
      </trkpt>
      <trkpt lat="44.82001" lon="5.48409">
        <ele>1638</ele>
      </trkpt>
      <trkpt lat="44.81997" lon="5.48406">
        <ele>1639</ele>
      </trkpt>
      <trkpt lat="44.81974" lon="5.48405">
        <ele>1638</ele>
      </trkpt>
      <trkpt lat="44.81969" lon="5.48403">
        <ele>1638</ele>
      </trkpt>
      <trkpt lat="44.81963" lon="5.48396">
        <ele>1639</ele>
      </trkpt>
      <trkpt lat="44.8195" lon="5.48373">
        <ele>1640</ele>
      </trkpt>
      <trkpt lat="44.81942" lon="5.48365">
        <ele>1641</ele>
      </trkpt>
      <trkpt lat="44.81932" lon="5.48323">
        <ele>1643</ele>
      </trkpt>
      <trkpt lat="44.81928" lon="5.48314">
        <ele>1643</ele>
      </trkpt>
      <trkpt lat="44.81924" lon="5.48268">
        <ele>1644</ele>
      </trkpt>
      <trkpt lat="44.81921" lon="5.48255">
        <ele>1643</ele>
      </trkpt>
      <trkpt lat="44.81907" lon="5.48219">
        <ele>1644</ele>
      </trkpt>
      <trkpt lat="44.81902" lon="5.48215">
        <ele>1645</ele>
      </trkpt>
      <trkpt lat="44.8188" lon="5.48166">
        <ele>1648</ele>
      </trkpt>
      <trkpt lat="44.81862" lon="5.48138">
        <ele>1652</ele>
      </trkpt>
      <trkpt lat="44.8186" lon="5.48127">
        <ele>1652</ele>
      </trkpt>
      <trkpt lat="44.81855" lon="5.48118">
        <ele>1653</ele>
      </trkpt>
      <trkpt lat="44.81851" lon="5.48116">
        <ele>1655</ele>
      </trkpt>
      <trkpt lat="44.81845" lon="5.4811">
        <ele>1656</ele>
      </trkpt>
      <trkpt lat="44.81834" lon="5.4809">
        <ele>1659</ele>
      </trkpt>
      <trkpt lat="44.81822" lon="5.4806">
        <ele>1663</ele>
      </trkpt>
      <trkpt lat="44.8181" lon="5.48048">
        <ele>1663</ele>
      </trkpt>
      <trkpt lat="44.81781" lon="5.48025">
        <ele>1662</ele>
      </trkpt>
      <trkpt lat="44.81764" lon="5.48014">
        <ele>1662</ele>
      </trkpt>
      <trkpt lat="44.81753" lon="5.48003">
        <ele>1660</ele>
      </trkpt>
      <trkpt lat="44.81742" lon="5.47989">
        <ele>1660</ele>
      </trkpt>
      <trkpt lat="44.81728" lon="5.47977">
        <ele>1659</ele>
      </trkpt>
      <trkpt lat="44.81705" lon="5.47967">
        <ele>1657</ele>
      </trkpt>
      <trkpt lat="44.81695" lon="5.47947">
        <ele>1658</ele>
      </trkpt>
      <trkpt lat="44.8167" lon="5.47914">
        <ele>1659</ele>
      </trkpt>
      <trkpt lat="44.8166" lon="5.47903">
        <ele>1660</ele>
      </trkpt>
      <trkpt lat="44.81652" lon="5.47902">
        <ele>1660</ele>
      </trkpt>
      <trkpt lat="44.8164" lon="5.47896">
        <ele>1661</ele>
      </trkpt>
      <trkpt lat="44.81627" lon="5.47887">
        <ele>1662</ele>
      </trkpt>
      <trkpt lat="44.8158" lon="5.47831">
        <ele>1666</ele>
      </trkpt>
      <trkpt lat="44.81562" lon="5.47805">
        <ele>1663</ele>
      </trkpt>
      <trkpt lat="44.8154" lon="5.4779">
        <ele>1661</ele>
      </trkpt>
      <trkpt lat="44.81533" lon="5.47783">
        <ele>1661</ele>
      </trkpt>
      <trkpt lat="44.81522" lon="5.47777">
        <ele>1660</ele>
      </trkpt>
      <trkpt lat="44.81502" lon="5.47776">
        <ele>1659</ele>
      </trkpt>
      <trkpt lat="44.81483" lon="5.47771">
        <ele>1659</ele>
      </trkpt>
      <trkpt lat="44.81456" lon="5.47775">
        <ele>1657</ele>
      </trkpt>
      <trkpt lat="44.81431" lon="5.47774">
        <ele>1656</ele>
      </trkpt>
      <trkpt lat="44.81396" lon="5.47764">
        <ele>1653</ele>
      </trkpt>
      <trkpt lat="44.81388" lon="5.4776">
        <ele>1652</ele>
      </trkpt>
      <trkpt lat="44.81383" lon="5.47747">
        <ele>1652</ele>
      </trkpt>
      <trkpt lat="44.81378" lon="5.47725">
        <ele>1650</ele>
      </trkpt>
      <trkpt lat="44.81345" lon="5.4773">
        <ele>1649</ele>
      </trkpt>
      <trkpt lat="44.81336" lon="5.47729">
        <ele>1649</ele>
      </trkpt>
      <trkpt lat="44.81327" lon="5.4773">
        <ele>1649</ele>
      </trkpt>
      <trkpt lat="44.81314" lon="5.47725">
        <ele>1649</ele>
      </trkpt>
      <trkpt lat="44.81301" lon="5.47715">
        <ele>1649</ele>
      </trkpt>
      <trkpt lat="44.81292" lon="5.4771">
        <ele>1649</ele>
      </trkpt>
      <trkpt lat="44.81285" lon="5.47708">
        <ele>1649</ele>
      </trkpt>
      <trkpt lat="44.81275" lon="5.47711">
        <ele>1649</ele>
      </trkpt>
      <trkpt lat="44.81269" lon="5.4771">
        <ele>1649</ele>
      </trkpt>
      <trkpt lat="44.81248" lon="5.47691">
        <ele>1648</ele>
      </trkpt>
      <trkpt lat="44.81237" lon="5.47676">
        <ele>1647</ele>
      </trkpt>
      <trkpt lat="44.81233" lon="5.47667">
        <ele>1647</ele>
      </trkpt>
      <trkpt lat="44.81227" lon="5.4766">
        <ele>1646</ele>
      </trkpt>
      <trkpt lat="44.8122" lon="5.47656">
        <ele>1646</ele>
      </trkpt>
      <trkpt lat="44.81214" lon="5.47655">
        <ele>1645</ele>
      </trkpt>
      <trkpt lat="44.81205" lon="5.47656">
        <ele>1645</ele>
      </trkpt>
      <trkpt lat="44.81197" lon="5.47659">
        <ele>1645</ele>
      </trkpt>
      <trkpt lat="44.81192" lon="5.47664">
        <ele>1645</ele>
      </trkpt>
      <trkpt lat="44.81189" lon="5.4767">
        <ele>1646</ele>
      </trkpt>
      <trkpt lat="44.81185" lon="5.47674">
        <ele>1646</ele>
      </trkpt>
      <trkpt lat="44.81183" lon="5.47674">
        <ele>1647</ele>
      </trkpt>
      <trkpt lat="44.81177" lon="5.47666">
        <ele>1647</ele>
      </trkpt>
      <trkpt lat="44.81153" lon="5.47625">
        <ele>1647</ele>
      </trkpt>
      <trkpt lat="44.81142" lon="5.47602">
        <ele>1645</ele>
      </trkpt>
      <trkpt lat="44.81138" lon="5.47597">
        <ele>1645</ele>
      </trkpt>
      <trkpt lat="44.81128" lon="5.47593">
        <ele>1646</ele>
      </trkpt>
      <trkpt lat="44.81107" lon="5.47595">
        <ele>1649</ele>
      </trkpt>
      <trkpt lat="44.81091" lon="5.47593">
        <ele>1649</ele>
      </trkpt>
      <trkpt lat="44.81075" lon="5.47598">
        <ele>1650</ele>
      </trkpt>
      <trkpt lat="44.81067" lon="5.47605">
        <ele>1651</ele>
      </trkpt>
      <trkpt lat="44.81055" lon="5.47606">
        <ele>1650</ele>
      </trkpt>
      <trkpt lat="44.81048" lon="5.4761">
        <ele>1651</ele>
      </trkpt>
      <trkpt lat="44.81035" lon="5.47611">
        <ele>1650</ele>
      </trkpt>
      <trkpt lat="44.81026" lon="5.47609">
        <ele>1650</ele>
      </trkpt>
      <trkpt lat="44.81012" lon="5.47609">
        <ele>1648</ele>
      </trkpt>
      <trkpt lat="44.80997" lon="5.47611">
        <ele>1648</ele>
      </trkpt>
      <trkpt lat="44.80968" lon="5.47609">
        <ele>1644</ele>
      </trkpt>
      <trkpt lat="44.80943" lon="5.4761">
        <ele>1642</ele>
      </trkpt>
      <trkpt lat="44.80918" lon="5.47609">
        <ele>1638</ele>
      </trkpt>
      <trkpt lat="44.80892" lon="5.47604">
        <ele>1634</ele>
      </trkpt>
      <trkpt lat="44.80867" lon="5.47597">
        <ele>1628</ele>
      </trkpt>
      <trkpt lat="44.80842" lon="5.47585">
        <ele>1620</ele>
      </trkpt>
      <trkpt lat="44.80824" lon="5.47583">
        <ele>1619</ele>
      </trkpt>
      <trkpt lat="44.80809" lon="5.47587">
        <ele>1620</ele>
      </trkpt>
      <trkpt lat="44.80792" lon="5.47572">
        <ele>1613</ele>
      </trkpt>
      <trkpt lat="44.80775" lon="5.47571">
        <ele>1612</ele>
      </trkpt>
      <trkpt lat="44.80742" lon="5.47574">
        <ele>1611</ele>
      </trkpt>
      <trkpt lat="44.8073" lon="5.47579">
        <ele>1612</ele>
      </trkpt>
      <trkpt lat="44.80715" lon="5.47581">
        <ele>1611</ele>
      </trkpt>
      <trkpt lat="44.80707" lon="5.47584">
        <ele>1611</ele>
      </trkpt>
      <trkpt lat="44.8069" lon="5.47595">
        <ele>1613</ele>
      </trkpt>
      <trkpt lat="44.80683" lon="5.47597">
        <ele>1613</ele>
      </trkpt>
      <trkpt lat="44.80658" lon="5.47617">
        <ele>1615</ele>
      </trkpt>
      <trkpt lat="44.8065" lon="5.47626">
        <ele>1616</ele>
      </trkpt>
      <trkpt lat="44.80636" lon="5.47631">
        <ele>1616</ele>
      </trkpt>
      <trkpt lat="44.8062" lon="5.47625">
        <ele>1616</ele>
      </trkpt>
      <trkpt lat="44.80614" lon="5.4762">
        <ele>1616</ele>
      </trkpt>
      <trkpt lat="44.80602" lon="5.47617">
        <ele>1617</ele>
      </trkpt>
      <trkpt lat="44.80564" lon="5.47619">
        <ele>1620</ele>
      </trkpt>
      <trkpt lat="44.80551" lon="5.47617">
        <ele>1621</ele>
      </trkpt>
      <trkpt lat="44.80532" lon="5.47617">
        <ele>1620</ele>
      </trkpt>
      <trkpt lat="44.80514" lon="5.47624">
        <ele>1619</ele>
      </trkpt>
      <trkpt lat="44.80497" lon="5.4762">
        <ele>1617</ele>
      </trkpt>
      <trkpt lat="44.80481" lon="5.47637">
        <ele>1614</ele>
      </trkpt>
      <trkpt lat="44.80468" lon="5.47637">
        <ele>1612</ele>
      </trkpt>
      <trkpt lat="44.80456" lon="5.47639">
        <ele>1613</ele>
      </trkpt>
      <trkpt lat="44.80442" lon="5.47634">
        <ele>1612</ele>
      </trkpt>
      <trkpt lat="44.80431" lon="5.47627">
        <ele>1613</ele>
      </trkpt>
      <trkpt lat="44.80417" lon="5.47612">
        <ele>1612</ele>
      </trkpt>
      <trkpt lat="44.8041" lon="5.47607">
        <ele>1612</ele>
      </trkpt>
      <trkpt lat="44.80388" lon="5.47598">
        <ele>1612</ele>
      </trkpt>
      <trkpt lat="44.80382" lon="5.47597">
        <ele>1612</ele>
      </trkpt>
      <trkpt lat="44.80312" lon="5.47623">
        <ele>1618</ele>
      </trkpt>
      <trkpt lat="44.80296" lon="5.47622">
        <ele>1620</ele>
      </trkpt>
      <trkpt lat="44.80284" lon="5.47624">
        <ele>1621</ele>
      </trkpt>
      <trkpt lat="44.80265" lon="5.47636">
        <ele>1622</ele>
      </trkpt>
      <trkpt lat="44.80263" lon="5.47639">
        <ele>1622</ele>
      </trkpt>
      <trkpt lat="44.80248" lon="5.47645">
        <ele>1623</ele>
      </trkpt>
      <trkpt lat="44.80227" lon="5.47657">
        <ele>1625</ele>
      </trkpt>
      <trkpt lat="44.80222" lon="5.47658">
        <ele>1626</ele>
      </trkpt>
      <trkpt lat="44.8022" lon="5.47657">
        <ele>1627</ele>
      </trkpt>
      <trkpt lat="44.80208" lon="5.47669">
        <ele>1629</ele>
      </trkpt>
      <trkpt lat="44.80198" lon="5.47675">
        <ele>1632</ele>
      </trkpt>
      <trkpt lat="44.80187" lon="5.47677">
        <ele>1635</ele>
      </trkpt>
      <trkpt lat="44.80167" lon="5.47691">
        <ele>1641</ele>
      </trkpt>
      <trkpt lat="44.80138" lon="5.47705">
        <ele>1649</ele>
      </trkpt>
      <trkpt lat="44.80123" lon="5.47706">
        <ele>1651</ele>
      </trkpt>
      <trkpt lat="44.80116" lon="5.47705">
        <ele>1652</ele>
      </trkpt>
      <trkpt lat="44.80111" lon="5.47702">
        <ele>1652</ele>
      </trkpt>
      <trkpt lat="44.80089" lon="5.47695">
        <ele>1652</ele>
      </trkpt>
      <trkpt lat="44.8006" lon="5.47718">
        <ele>1651</ele>
      </trkpt>
      <trkpt lat="44.80058" lon="5.47729">
        <ele>1651</ele>
      </trkpt>
      <trkpt lat="44.80054" lon="5.47738">
        <ele>1650</ele>
      </trkpt>
      <trkpt lat="44.80036" lon="5.47754">
        <ele>1647</ele>
      </trkpt>
      <trkpt lat="44.80034" lon="5.4776">
        <ele>1647</ele>
      </trkpt>
      <trkpt lat="44.80039" lon="5.47821">
        <ele>1644</ele>
      </trkpt>
      <trkpt lat="44.80045" lon="5.47845">
        <ele>1642</ele>
      </trkpt>
      <trkpt lat="44.80049" lon="5.47849">
        <ele>1642</ele>
      </trkpt>
      <trkpt lat="44.8007" lon="5.47936">
        <ele>1636</ele>
      </trkpt>
      <trkpt lat="44.80076" lon="5.47978">
        <ele>1633</ele>
      </trkpt>
      <trkpt lat="44.80064" lon="5.4804">
        <ele>1625</ele>
      </trkpt>
      <trkpt lat="44.80064" lon="5.48057">
        <ele>1623</ele>
      </trkpt>
      <trkpt lat="44.80067" lon="5.48079">
        <ele>1623</ele>
      </trkpt>
      <trkpt lat="44.80083" lon="5.48132">
        <ele>1622</ele>
      </trkpt>
      <trkpt lat="44.80098" lon="5.48206">
        <ele>1617</ele>
      </trkpt>
      <trkpt lat="44.80098" lon="5.48237">
        <ele>1616</ele>
      </trkpt>
      <trkpt lat="44.80103" lon="5.48292">
        <ele>1614</ele>
      </trkpt>
      <trkpt lat="44.80101" lon="5.48309">
        <ele>1613</ele>
      </trkpt>
      <trkpt lat="44.80103" lon="5.48318">
        <ele>1613</ele>
      </trkpt>
      <trkpt lat="44.8011" lon="5.48335">
        <ele>1612</ele>
      </trkpt>
      <trkpt lat="44.80113" lon="5.48355">
        <ele>1610</ele>
      </trkpt>
      <trkpt lat="44.80119" lon="5.48371">
        <ele>1610</ele>
      </trkpt>
      <trkpt lat="44.80129" lon="5.4838">
        <ele>1610</ele>
      </trkpt>
      <trkpt lat="44.80131" lon="5.48385">
        <ele>1610</ele>
      </trkpt>
      <trkpt lat="44.80144" lon="5.48394">
        <ele>1610</ele>
      </trkpt>
      <trkpt lat="44.80154" lon="5.48406">
        <ele>1610</ele>
      </trkpt>
      <trkpt lat="44.8016" lon="5.4842">
        <ele>1610</ele>
      </trkpt>
      <trkpt lat="44.80182" lon="5.48508">
        <ele>1608</ele>
      </trkpt>
      <trkpt lat="44.80184" lon="5.48522">
        <ele>1607</ele>
      </trkpt>
      <trkpt lat="44.80197" lon="5.48529">
        <ele>1608</ele>
      </trkpt>
      <trkpt lat="44.8021" lon="5.48542">
        <ele>1609</ele>
      </trkpt>
      <trkpt lat="44.80218" lon="5.48544">
        <ele>1609</ele>
      </trkpt>
      <trkpt lat="44.80244" lon="5.48559">
        <ele>1610</ele>
      </trkpt>
      <trkpt lat="44.80248" lon="5.48567">
        <ele>1610</ele>
      </trkpt>
      <trkpt lat="44.8025" lon="5.48581">
        <ele>1609</ele>
      </trkpt>
      <trkpt lat="44.80254" lon="5.48593">
        <ele>1608</ele>
      </trkpt>
      <trkpt lat="44.80253" lon="5.48609">
        <ele>1608</ele>
      </trkpt>
      <trkpt lat="44.80256" lon="5.48685">
        <ele>1605</ele>
      </trkpt>
      <trkpt lat="44.8026" lon="5.48715">
        <ele>1605</ele>
      </trkpt>
      <trkpt lat="44.80265" lon="5.48728">
        <ele>1604</ele>
      </trkpt>
      <trkpt lat="44.80272" lon="5.48757">
        <ele>1604</ele>
      </trkpt>
      <trkpt lat="44.80277" lon="5.4877">
        <ele>1605</ele>
      </trkpt>
      <trkpt lat="44.80286" lon="5.4887">
        <ele>1608</ele>
      </trkpt>
      <trkpt lat="44.80287" lon="5.48932">
        <ele>1611</ele>
      </trkpt>
      <trkpt lat="44.80284" lon="5.49038">
        <ele>1611</ele>
      </trkpt>
      <trkpt lat="44.80282" lon="5.49062">
        <ele>1613</ele>
      </trkpt>
      <trkpt lat="44.80265" lon="5.49146">
        <ele>1616</ele>
      </trkpt>
      <trkpt lat="44.80256" lon="5.49178">
        <ele>1618</ele>
      </trkpt>
      <trkpt lat="44.80254" lon="5.49205">
        <ele>1620</ele>
      </trkpt>
      <trkpt lat="44.80241" lon="5.49255">
        <ele>1623</ele>
      </trkpt>
      <trkpt lat="44.80234" lon="5.49273">
        <ele>1624</ele>
      </trkpt>
      <trkpt lat="44.8021" lon="5.49371">
        <ele>1622</ele>
      </trkpt>
      <trkpt lat="44.80173" lon="5.49488">
        <ele>1622</ele>
      </trkpt>
      <trkpt lat="44.80172" lon="5.49512">
        <ele>1623</ele>
      </trkpt>
      <trkpt lat="44.80174" lon="5.49525">
        <ele>1624</ele>
      </trkpt>
      <trkpt lat="44.80162" lon="5.49517">
        <ele>1624</ele>
      </trkpt>
      <trkpt lat="44.80148" lon="5.4951">
        <ele>1625</ele>
      </trkpt>
      <trkpt lat="44.80141" lon="5.49509">
        <ele>1625</ele>
      </trkpt>
      <trkpt lat="44.80126" lon="5.49511">
        <ele>1625</ele>
      </trkpt>
      <trkpt lat="44.801" lon="5.49526">
        <ele>1622</ele>
      </trkpt>
      <trkpt lat="44.80089" lon="5.49534">
        <ele>1621</ele>
      </trkpt>
      <trkpt lat="44.80099" lon="5.49602">
        <ele>1622</ele>
      </trkpt>
      <trkpt lat="44.80107" lon="5.49689">
        <ele>1622</ele>
      </trkpt>
      <trkpt lat="44.80113" lon="5.49713">
        <ele>1623</ele>
      </trkpt>
      <trkpt lat="44.80119" lon="5.49727">
        <ele>1624</ele>
      </trkpt>
      <trkpt lat="44.80129" lon="5.4974">
        <ele>1625</ele>
      </trkpt>
      <trkpt lat="44.80139" lon="5.49761">
        <ele>1624</ele>
      </trkpt>
      <trkpt lat="44.80162" lon="5.49795">
        <ele>1625</ele>
      </trkpt>
      <trkpt lat="44.8017" lon="5.49811">
        <ele>1625</ele>
      </trkpt>
      <trkpt lat="44.80178" lon="5.49834">
        <ele>1626</ele>
      </trkpt>
      <trkpt lat="44.80198" lon="5.4987">
        <ele>1627</ele>
      </trkpt>
      <trkpt lat="44.80206" lon="5.4988">
        <ele>1627</ele>
      </trkpt>
      <trkpt lat="44.80215" lon="5.49888">
        <ele>1627</ele>
      </trkpt>
      <trkpt lat="44.80229" lon="5.49912">
        <ele>1627</ele>
      </trkpt>
      <trkpt lat="44.80233" lon="5.49924">
        <ele>1627</ele>
      </trkpt>
      <trkpt lat="44.80235" lon="5.49938">
        <ele>1626</ele>
      </trkpt>
      <trkpt lat="44.80287" lon="5.50012">
        <ele>1625</ele>
      </trkpt>
      <trkpt lat="44.80302" lon="5.50041">
        <ele>1626</ele>
      </trkpt>
      <trkpt lat="44.80318" lon="5.5006">
        <ele>1627</ele>
      </trkpt>
      <trkpt lat="44.80359" lon="5.50126">
        <ele>1626</ele>
      </trkpt>
      <trkpt lat="44.80368" lon="5.50136">
        <ele>1626</ele>
      </trkpt>
      <trkpt lat="44.80375" lon="5.50141">
        <ele>1626</ele>
      </trkpt>
      <trkpt lat="44.80401" lon="5.50179">
        <ele>1627</ele>
      </trkpt>
      <trkpt lat="44.8042" lon="5.50188">
        <ele>1627</ele>
      </trkpt>
      <trkpt lat="44.80441" lon="5.50189">
        <ele>1627</ele>
      </trkpt>
      <trkpt lat="44.80461" lon="5.50206">
        <ele>1627</ele>
      </trkpt>
      <trkpt lat="44.80489" lon="5.50225">
        <ele>1628</ele>
      </trkpt>
      <trkpt lat="44.80518" lon="5.50251">
        <ele>1630</ele>
      </trkpt>
      <trkpt lat="44.8055" lon="5.50336">
        <ele>1630</ele>
      </trkpt>
      <trkpt lat="44.80574" lon="5.50386">
        <ele>1631</ele>
      </trkpt>
      <trkpt lat="44.80582" lon="5.50396">
        <ele>1632</ele>
      </trkpt>
      <trkpt lat="44.806" lon="5.50434">
        <ele>1632</ele>
      </trkpt>
      <trkpt lat="44.80606" lon="5.5045">
        <ele>1631</ele>
      </trkpt>
      <trkpt lat="44.80617" lon="5.50499">
        <ele>1632</ele>
      </trkpt>
      <trkpt lat="44.80618" lon="5.5051">
        <ele>1632</ele>
      </trkpt>
      <trkpt lat="44.80617" lon="5.5054">
        <ele>1634</ele>
      </trkpt>
      <trkpt lat="44.80619" lon="5.50551">
        <ele>1634</ele>
      </trkpt>
      <trkpt lat="44.80624" lon="5.50565">
        <ele>1633</ele>
      </trkpt>
      <trkpt lat="44.80625" lon="5.50578">
        <ele>1633</ele>
      </trkpt>
      <trkpt lat="44.80622" lon="5.50614">
        <ele>1632</ele>
      </trkpt>
      <trkpt lat="44.80615" lon="5.50632">
        <ele>1632</ele>
      </trkpt>
      <trkpt lat="44.80613" lon="5.50643">
        <ele>1632</ele>
      </trkpt>
      <trkpt lat="44.80611" lon="5.50674">
        <ele>1633</ele>
      </trkpt>
      <trkpt lat="44.80607" lon="5.50696">
        <ele>1635</ele>
      </trkpt>
      <trkpt lat="44.80607" lon="5.50705">
        <ele>1635</ele>
      </trkpt>
      <trkpt lat="44.806" lon="5.5076">
        <ele>1635</ele>
      </trkpt>
      <trkpt lat="44.80588" lon="5.50787">
        <ele>1634</ele>
      </trkpt>
      <trkpt lat="44.80583" lon="5.50792">
        <ele>1634</ele>
      </trkpt>
      <trkpt lat="44.80582" lon="5.50798">
        <ele>1634</ele>
      </trkpt>
      <trkpt lat="44.80583" lon="5.50807">
        <ele>1633</ele>
      </trkpt>
      <trkpt lat="44.80578" lon="5.50826">
        <ele>1634</ele>
      </trkpt>
      <trkpt lat="44.80575" lon="5.50832">
        <ele>1635</ele>
      </trkpt>
      <trkpt lat="44.80571" lon="5.50863">
        <ele>1639</ele>
      </trkpt>
      <trkpt lat="44.80561" lon="5.50892">
        <ele>1642</ele>
      </trkpt>
      <trkpt lat="44.8056" lon="5.50908">
        <ele>1642</ele>
      </trkpt>
      <trkpt lat="44.80562" lon="5.50917">
        <ele>1643</ele>
      </trkpt>
      <trkpt lat="44.80551" lon="5.50987">
        <ele>1644</ele>
      </trkpt>
      <trkpt lat="44.80544" lon="5.51012">
        <ele>1646</ele>
      </trkpt>
      <trkpt lat="44.80545" lon="5.51034">
        <ele>1645</ele>
      </trkpt>
      <trkpt lat="44.80547" lon="5.51042">
        <ele>1644</ele>
      </trkpt>
      <trkpt lat="44.8054" lon="5.51072">
        <ele>1644</ele>
      </trkpt>
      <trkpt lat="44.80542" lon="5.51094">
        <ele>1640</ele>
      </trkpt>
      <trkpt lat="44.80545" lon="5.51102">
        <ele>1637</ele>
      </trkpt>
      <trkpt lat="44.80539" lon="5.51145">
        <ele>1631</ele>
      </trkpt>
      <trkpt lat="44.8054" lon="5.51151">
        <ele>1630</ele>
      </trkpt>
      <trkpt lat="44.805395" lon="5.511954">
        <ele>1625</ele>
      </trkpt>
      <trkpt lat="44.80542" lon="5.51202">
        <ele>1625</ele>
      </trkpt>
      <trkpt lat="44.80551" lon="5.51202">
        <ele>1625</ele>
      </trkpt>
      <trkpt lat="44.80548" lon="5.51186">
        <ele>1626</ele>
      </trkpt>
      <trkpt lat="44.80526" lon="5.51181">
        <ele>1627</ele>
      </trkpt>
      <trkpt lat="44.80499" lon="5.5117">
        <ele>1631</ele>
      </trkpt>
      <trkpt lat="44.80478" lon="5.51167">
        <ele>1633</ele>
      </trkpt>
      <trkpt lat="44.80441" lon="5.51158">
        <ele>1638</ele>
      </trkpt>
      <trkpt lat="44.80425" lon="5.51146">
        <ele>1642</ele>
      </trkpt>
      <trkpt lat="44.80395" lon="5.51118">
        <ele>1648</ele>
      </trkpt>
      <trkpt lat="44.80351" lon="5.51082">
        <ele>1652</ele>
      </trkpt>
      <trkpt lat="44.8032" lon="5.51069">
        <ele>1656</ele>
      </trkpt>
      <trkpt lat="44.80306" lon="5.51066">
        <ele>1659</ele>
      </trkpt>
      <trkpt lat="44.80291" lon="5.51067">
        <ele>1662</ele>
      </trkpt>
      <trkpt lat="44.80252" lon="5.51057">
        <ele>1669</ele>
      </trkpt>
      <trkpt lat="44.80215" lon="5.51042">
        <ele>1676</ele>
      </trkpt>
      <trkpt lat="44.80185" lon="5.51038">
        <ele>1680</ele>
      </trkpt>
      <trkpt lat="44.80171" lon="5.51025">
        <ele>1683</ele>
      </trkpt>
      <trkpt lat="44.80163" lon="5.51022">
        <ele>1684</ele>
      </trkpt>
      <trkpt lat="44.80156" lon="5.51023">
        <ele>1685</ele>
      </trkpt>
      <trkpt lat="44.80144" lon="5.51029">
        <ele>1687</ele>
      </trkpt>
      <trkpt lat="44.80127" lon="5.51026">
        <ele>1688</ele>
      </trkpt>
      <trkpt lat="44.80095" lon="5.51038">
        <ele>1689</ele>
      </trkpt>
      <trkpt lat="44.80086" lon="5.51039">
        <ele>1689</ele>
      </trkpt>
      <trkpt lat="44.80082" lon="5.51035">
        <ele>1688</ele>
      </trkpt>
      <trkpt lat="44.80076" lon="5.51032">
        <ele>1687</ele>
      </trkpt>
      <trkpt lat="44.80057" lon="5.51036">
        <ele>1689</ele>
      </trkpt>
      <trkpt lat="44.80033" lon="5.5105">
        <ele>1693</ele>
      </trkpt>
      <trkpt lat="44.80008" lon="5.51051">
        <ele>1695</ele>
      </trkpt>
      <trkpt lat="44.79977" lon="5.51048">
        <ele>1696</ele>
      </trkpt>
      <trkpt lat="44.79947" lon="5.5105">
        <ele>1698</ele>
      </trkpt>
      <trkpt lat="44.79929" lon="5.51055">
        <ele>1699</ele>
      </trkpt>
      <trkpt lat="44.79913" lon="5.51054">
        <ele>1699</ele>
      </trkpt>
      <trkpt lat="44.79877" lon="5.51055">
        <ele>1699</ele>
      </trkpt>
      <trkpt lat="44.7985" lon="5.51059">
        <ele>1698</ele>
      </trkpt>
      <trkpt lat="44.7981" lon="5.51069">
        <ele>1696</ele>
      </trkpt>
      <trkpt lat="44.79771" lon="5.51075">
        <ele>1696</ele>
      </trkpt>
      <trkpt lat="44.79758" lon="5.51074">
        <ele>1696</ele>
      </trkpt>
      <trkpt lat="44.79733" lon="5.51067">
        <ele>1698</ele>
      </trkpt>
      <trkpt lat="44.79725" lon="5.51063">
        <ele>1698</ele>
      </trkpt>
      <trkpt lat="44.79716" lon="5.51062">
        <ele>1699</ele>
      </trkpt>
      <trkpt lat="44.7971" lon="5.51058">
        <ele>1700</ele>
      </trkpt>
      <trkpt lat="44.797" lon="5.51042">
        <ele>1700</ele>
      </trkpt>
      <trkpt lat="44.79687" lon="5.51034">
        <ele>1700</ele>
      </trkpt>
      <trkpt lat="44.79672" lon="5.51015">
        <ele>1698</ele>
      </trkpt>
      <trkpt lat="44.79655" lon="5.51003">
        <ele>1697</ele>
      </trkpt>
      <trkpt lat="44.79617" lon="5.50994">
        <ele>1695</ele>
      </trkpt>
      <trkpt lat="44.79581" lon="5.50982">
        <ele>1693</ele>
      </trkpt>
      <trkpt lat="44.79564" lon="5.50971">
        <ele>1691</ele>
      </trkpt>
      <trkpt lat="44.79559" lon="5.50965">
        <ele>1690</ele>
      </trkpt>
      <trkpt lat="44.79553" lon="5.50961">
        <ele>1689</ele>
      </trkpt>
      <trkpt lat="44.79524" lon="5.50956">
        <ele>1686</ele>
      </trkpt>
      <trkpt lat="44.79519" lon="5.50954">
        <ele>1685</ele>
      </trkpt>
      <trkpt lat="44.79489" lon="5.50952">
        <ele>1681</ele>
      </trkpt>
      <trkpt lat="44.79475" lon="5.50949">
        <ele>1679</ele>
      </trkpt>
      <trkpt lat="44.79445" lon="5.50937">
        <ele>1675</ele>
      </trkpt>
      <trkpt lat="44.7944" lon="5.50931">
        <ele>1674</ele>
      </trkpt>
      <trkpt lat="44.79412" lon="5.5092">
        <ele>1671</ele>
      </trkpt>
      <trkpt lat="44.79401" lon="5.50913">
        <ele>1670</ele>
      </trkpt>
      <trkpt lat="44.79397" lon="5.50905">
        <ele>1669</ele>
      </trkpt>
      <trkpt lat="44.79384" lon="5.50903">
        <ele>1669</ele>
      </trkpt>
      <trkpt lat="44.79378" lon="5.50899">
        <ele>1669</ele>
      </trkpt>
      <trkpt lat="44.79369" lon="5.50884">
        <ele>1667</ele>
      </trkpt>
      <trkpt lat="44.79364" lon="5.5088">
        <ele>1667</ele>
      </trkpt>
      <trkpt lat="44.79359" lon="5.50879">
        <ele>1667</ele>
      </trkpt>
      <trkpt lat="44.7935" lon="5.50883">
        <ele>1667</ele>
      </trkpt>
      <trkpt lat="44.79337" lon="5.50894">
        <ele>1667</ele>
      </trkpt>
      <trkpt lat="44.7933" lon="5.5089">
        <ele>1667</ele>
      </trkpt>
      <trkpt lat="44.79324" lon="5.50891">
        <ele>1667</ele>
      </trkpt>
      <trkpt lat="44.79313" lon="5.50882">
        <ele>1667</ele>
      </trkpt>
      <trkpt lat="44.79305" lon="5.5087">
        <ele>1666</ele>
      </trkpt>
      <trkpt lat="44.79287" lon="5.50859">
        <ele>1667</ele>
      </trkpt>
      <trkpt lat="44.79256" lon="5.50844">
        <ele>1668</ele>
      </trkpt>
      <trkpt lat="44.79246" lon="5.50836">
        <ele>1667</ele>
      </trkpt>
      <trkpt lat="44.79218" lon="5.50834">
        <ele>1666</ele>
      </trkpt>
      <trkpt lat="44.79195" lon="5.5082">
        <ele>1663</ele>
      </trkpt>
      <trkpt lat="44.79171" lon="5.50813">
        <ele>1660</ele>
      </trkpt>
      <trkpt lat="44.79162" lon="5.50815">
        <ele>1660</ele>
      </trkpt>
      <trkpt lat="44.79156" lon="5.50813">
        <ele>1660</ele>
      </trkpt>
      <trkpt lat="44.79122" lon="5.50781">
        <ele>1658</ele>
      </trkpt>
      <trkpt lat="44.79112" lon="5.50776">
        <ele>1658</ele>
      </trkpt>
      <trkpt lat="44.79102" lon="5.50768">
        <ele>1656</ele>
      </trkpt>
      <trkpt lat="44.7909" lon="5.50762">
        <ele>1655</ele>
      </trkpt>
      <trkpt lat="44.79076" lon="5.50764">
        <ele>1655</ele>
      </trkpt>
      <trkpt lat="44.79054" lon="5.50753">
        <ele>1653</ele>
      </trkpt>
      <trkpt lat="44.79039" lon="5.50735">
        <ele>1651</ele>
      </trkpt>
      <trkpt lat="44.79" lon="5.50708">
        <ele>1648</ele>
      </trkpt>
      <trkpt lat="44.78972" lon="5.50704">
        <ele>1647</ele>
      </trkpt>
      <trkpt lat="44.78958" lon="5.50698">
        <ele>1647</ele>
      </trkpt>
      <trkpt lat="44.78949" lon="5.50691">
        <ele>1646</ele>
      </trkpt>
      <trkpt lat="44.78933" lon="5.50665">
        <ele>1644</ele>
      </trkpt>
      <trkpt lat="44.78926" lon="5.50662">
        <ele>1644</ele>
      </trkpt>
      <trkpt lat="44.7891" lon="5.50661">
        <ele>1643</ele>
      </trkpt>
      <trkpt lat="44.789" lon="5.50656">
        <ele>1643</ele>
      </trkpt>
      <trkpt lat="44.78889" lon="5.50655">
        <ele>1643</ele>
      </trkpt>
      <trkpt lat="44.78884" lon="5.50648">
        <ele>1644</ele>
      </trkpt>
      <trkpt lat="44.78871" lon="5.50647">
        <ele>1645</ele>
      </trkpt>
      <trkpt lat="44.78858" lon="5.50641">
        <ele>1645</ele>
      </trkpt>
      <trkpt lat="44.78855" lon="5.50626">
        <ele>1646</ele>
      </trkpt>
      <trkpt lat="44.78852" lon="5.50619">
        <ele>1646</ele>
      </trkpt>
      <trkpt lat="44.78826" lon="5.50595">
        <ele>1647</ele>
      </trkpt>
      <trkpt lat="44.78821" lon="5.50592">
        <ele>1647</ele>
      </trkpt>
      <trkpt lat="44.78814" lon="5.50591">
        <ele>1647</ele>
      </trkpt>
      <trkpt lat="44.78797" lon="5.50592">
        <ele>1648</ele>
      </trkpt>
      <trkpt lat="44.7879" lon="5.50594">
        <ele>1649</ele>
      </trkpt>
      <trkpt lat="44.78765" lon="5.50607">
        <ele>1651</ele>
      </trkpt>
      <trkpt lat="44.78742" lon="5.50627">
        <ele>1653</ele>
      </trkpt>
      <trkpt lat="44.78735" lon="5.50636">
        <ele>1654</ele>
      </trkpt>
      <trkpt lat="44.7872" lon="5.50647">
        <ele>1655</ele>
      </trkpt>
      <trkpt lat="44.78695" lon="5.5066">
        <ele>1654</ele>
      </trkpt>
      <trkpt lat="44.7869" lon="5.50661">
        <ele>1654</ele>
      </trkpt>
      <trkpt lat="44.78676" lon="5.50671">
        <ele>1653</ele>
      </trkpt>
      <trkpt lat="44.78662" lon="5.50676">
        <ele>1652</ele>
      </trkpt>
      <trkpt lat="44.78655" lon="5.50676">
        <ele>1652</ele>
      </trkpt>
      <trkpt lat="44.78648" lon="5.50678">
        <ele>1652</ele>
      </trkpt>
      <trkpt lat="44.78636" lon="5.50689">
        <ele>1652</ele>
      </trkpt>
      <trkpt lat="44.78628" lon="5.50691">
        <ele>1651</ele>
      </trkpt>
      <trkpt lat="44.78624" lon="5.50694">
        <ele>1651</ele>
      </trkpt>
      <trkpt lat="44.78607" lon="5.50698">
        <ele>1651</ele>
      </trkpt>
      <trkpt lat="44.78605" lon="5.50701">
        <ele>1651</ele>
      </trkpt>
      <trkpt lat="44.78598" lon="5.50703">
        <ele>1652</ele>
      </trkpt>
      <trkpt lat="44.78594" lon="5.50709">
        <ele>1652</ele>
      </trkpt>
      <trkpt lat="44.78583" lon="5.5072">
        <ele>1653</ele>
      </trkpt>
      <trkpt lat="44.78569" lon="5.50729">
        <ele>1656</ele>
      </trkpt>
      <trkpt lat="44.78565" lon="5.50728">
        <ele>1657</ele>
      </trkpt>
      <trkpt lat="44.78547" lon="5.50731">
        <ele>1661</ele>
      </trkpt>
      <trkpt lat="44.78532" lon="5.50729">
        <ele>1663</ele>
      </trkpt>
      <trkpt lat="44.78523" lon="5.50723">
        <ele>1663</ele>
      </trkpt>
      <trkpt lat="44.78518" lon="5.50714">
        <ele>1663</ele>
      </trkpt>
      <trkpt lat="44.78509" lon="5.50705">
        <ele>1663</ele>
      </trkpt>
      <trkpt lat="44.785" lon="5.50705">
        <ele>1664</ele>
      </trkpt>
      <trkpt lat="44.78494" lon="5.50697">
        <ele>1663</ele>
      </trkpt>
      <trkpt lat="44.78484" lon="5.50692">
        <ele>1662</ele>
      </trkpt>
      <trkpt lat="44.78468" lon="5.50688">
        <ele>1663</ele>
      </trkpt>
      <trkpt lat="44.78458" lon="5.50683">
        <ele>1663</ele>
      </trkpt>
      <trkpt lat="44.78452" lon="5.50686">
        <ele>1663</ele>
      </trkpt>
      <trkpt lat="44.78444" lon="5.50686">
        <ele>1664</ele>
      </trkpt>
      <trkpt lat="44.78437" lon="5.50683">
        <ele>1664</ele>
      </trkpt>
      <trkpt lat="44.78424" lon="5.50674">
        <ele>1664</ele>
      </trkpt>
      <trkpt lat="44.7841" lon="5.50686">
        <ele>1666</ele>
      </trkpt>
      <trkpt lat="44.7838" lon="5.50695">
        <ele>1671</ele>
      </trkpt>
      <trkpt lat="44.78364" lon="5.50704">
        <ele>1674</ele>
      </trkpt>
      <trkpt lat="44.78355" lon="5.50702">
        <ele>1676</ele>
      </trkpt>
      <trkpt lat="44.78352" lon="5.50695">
        <ele>1676</ele>
      </trkpt>
      <trkpt lat="44.78345" lon="5.50693">
        <ele>1678</ele>
      </trkpt>
      <trkpt lat="44.78341" lon="5.50697">
        <ele>1679</ele>
      </trkpt>
      <trkpt lat="44.78321" lon="5.50686">
        <ele>1683</ele>
      </trkpt>
      <trkpt lat="44.78305" lon="5.50686">
        <ele>1686</ele>
      </trkpt>
      <trkpt lat="44.78294" lon="5.50684">
        <ele>1687</ele>
      </trkpt>
      <trkpt lat="44.78282" lon="5.50685">
        <ele>1689</ele>
      </trkpt>
      <trkpt lat="44.7827" lon="5.50696">
        <ele>1690</ele>
      </trkpt>
      <trkpt lat="44.78261" lon="5.50697">
        <ele>1692</ele>
      </trkpt>
      <trkpt lat="44.78251" lon="5.50702">
        <ele>1695</ele>
      </trkpt>
      <trkpt lat="44.78248" lon="5.50712">
        <ele>1695</ele>
      </trkpt>
      <trkpt lat="44.78239" lon="5.50715">
        <ele>1697</ele>
      </trkpt>
      <trkpt lat="44.78233" lon="5.50715">
        <ele>1697</ele>
      </trkpt>
      <trkpt lat="44.78223" lon="5.50719">
        <ele>1699</ele>
      </trkpt>
      <trkpt lat="44.78213" lon="5.50717">
        <ele>1699</ele>
      </trkpt>
      <trkpt lat="44.78203" lon="5.50711">
        <ele>1699</ele>
      </trkpt>
      <trkpt lat="44.78195" lon="5.50698">
        <ele>1699</ele>
      </trkpt>
      <trkpt lat="44.78174" lon="5.50672">
        <ele>1700</ele>
      </trkpt>
      <trkpt lat="44.7817" lon="5.50662">
        <ele>1702</ele>
      </trkpt>
      <trkpt lat="44.78166" lon="5.50658">
        <ele>1702</ele>
      </trkpt>
      <trkpt lat="44.78156" lon="5.50638">
        <ele>1704</ele>
      </trkpt>
      <trkpt lat="44.78144" lon="5.5063">
        <ele>1704</ele>
      </trkpt>
      <trkpt lat="44.78122" lon="5.50623">
        <ele>1705</ele>
      </trkpt>
      <trkpt lat="44.78115" lon="5.50625">
        <ele>1705</ele>
      </trkpt>
      <trkpt lat="44.78106" lon="5.50637">
        <ele>1707</ele>
      </trkpt>
      <trkpt lat="44.78104" lon="5.50666">
        <ele>1709</ele>
      </trkpt>
      <trkpt lat="44.78097" lon="5.50681">
        <ele>1710</ele>
      </trkpt>
      <trkpt lat="44.7808" lon="5.50693">
        <ele>1713</ele>
      </trkpt>
      <trkpt lat="44.78061" lon="5.50703">
        <ele>1712</ele>
      </trkpt>
      <trkpt lat="44.78055" lon="5.50717">
        <ele>1712</ele>
      </trkpt>
      <trkpt lat="44.78044" lon="5.50734">
        <ele>1710</ele>
      </trkpt>
      <trkpt lat="44.78034" lon="5.50736">
        <ele>1709</ele>
      </trkpt>
      <trkpt lat="44.78021" lon="5.50769">
        <ele>1711</ele>
      </trkpt>
      <trkpt lat="44.7801" lon="5.50776">
        <ele>1711</ele>
      </trkpt>
      <trkpt lat="44.77996" lon="5.5078">
        <ele>1711</ele>
      </trkpt>
      <trkpt lat="44.77963" lon="5.50805">
        <ele>1710</ele>
      </trkpt>
      <trkpt lat="44.77953" lon="5.50811">
        <ele>1712</ele>
      </trkpt>
      <trkpt lat="44.77937" lon="5.5084">
        <ele>1717</ele>
      </trkpt>
      <trkpt lat="44.77922" lon="5.50845">
        <ele>1719</ele>
      </trkpt>
      <trkpt lat="44.77911" lon="5.50862">
        <ele>1720</ele>
      </trkpt>
      <trkpt lat="44.77892" lon="5.50899">
        <ele>1718</ele>
      </trkpt>
      <trkpt lat="44.77873" lon="5.50908">
        <ele>1716</ele>
      </trkpt>
      <trkpt lat="44.77855" lon="5.50907">
        <ele>1714</ele>
      </trkpt>
      <trkpt lat="44.77823" lon="5.50911">
        <ele>1707</ele>
      </trkpt>
      <trkpt lat="44.77809" lon="5.50923">
        <ele>1703</ele>
      </trkpt>
      <trkpt lat="44.77783" lon="5.50924">
        <ele>1698</ele>
      </trkpt>
      <trkpt lat="44.77768" lon="5.50939">
        <ele>1698</ele>
      </trkpt>
      <trkpt lat="44.77743" lon="5.51002">
        <ele>1699</ele>
      </trkpt>
      <trkpt lat="44.77742" lon="5.51014">
        <ele>1700</ele>
      </trkpt>
      <trkpt lat="44.77718" lon="5.51064">
        <ele>1704</ele>
      </trkpt>
      <trkpt lat="44.77717" lon="5.51075">
        <ele>1704</ele>
      </trkpt>
      <trkpt lat="44.77698" lon="5.51099">
        <ele>1703</ele>
      </trkpt>
      <trkpt lat="44.77683" lon="5.51131">
        <ele>1704</ele>
      </trkpt>
      <trkpt lat="44.77679" lon="5.51156">
        <ele>1707</ele>
      </trkpt>
      <trkpt lat="44.77679" lon="5.51218">
        <ele>1715</ele>
      </trkpt>
      <trkpt lat="44.7767" lon="5.51239">
        <ele>1715</ele>
      </trkpt>
      <trkpt lat="44.77671" lon="5.51259">
        <ele>1717</ele>
      </trkpt>
      <trkpt lat="44.7767" lon="5.5127">
        <ele>1719</ele>
      </trkpt>
      <trkpt lat="44.77656" lon="5.51309">
        <ele>1721</ele>
      </trkpt>
      <trkpt lat="44.77653" lon="5.51341">
        <ele>1722</ele>
      </trkpt>
      <trkpt lat="44.77643" lon="5.51355">
        <ele>1721</ele>
      </trkpt>
      <trkpt lat="44.77634" lon="5.51373">
        <ele>1720</ele>
      </trkpt>
      <trkpt lat="44.77633" lon="5.51382">
        <ele>1720</ele>
      </trkpt>
      <trkpt lat="44.77615" lon="5.51403">
        <ele>1720</ele>
      </trkpt>
      <trkpt lat="44.77578" lon="5.51451">
        <ele>1725</ele>
      </trkpt>
      <trkpt lat="44.77565" lon="5.51486">
        <ele>1728</ele>
      </trkpt>
      <trkpt lat="44.77563" lon="5.51516">
        <ele>1730</ele>
      </trkpt>
      <trkpt lat="44.77565" lon="5.51542">
        <ele>1732</ele>
      </trkpt>
      <trkpt lat="44.77563" lon="5.51568">
        <ele>1734</ele>
      </trkpt>
      <trkpt lat="44.7757" lon="5.51606">
        <ele>1738</ele>
      </trkpt>
      <trkpt lat="44.77563" lon="5.51659">
        <ele>1744</ele>
      </trkpt>
      <trkpt lat="44.77562" lon="5.51699">
        <ele>1747</ele>
      </trkpt>
      <trkpt lat="44.77564" lon="5.51727">
        <ele>1747</ele>
      </trkpt>
      <trkpt lat="44.7755" lon="5.5177">
        <ele>1748</ele>
      </trkpt>
      <trkpt lat="44.77526" lon="5.51818">
        <ele>1748</ele>
      </trkpt>
      <trkpt lat="44.77548" lon="5.51852">
        <ele>1754</ele>
      </trkpt>
      <trkpt lat="44.77592" lon="5.51884">
        <ele>1765</ele>
      </trkpt>
      <trkpt lat="44.7761" lon="5.51917">
        <ele>1771</ele>
      </trkpt>
      <trkpt lat="44.77629" lon="5.51964">
        <ele>1776</ele>
      </trkpt>
      <trkpt lat="44.77668" lon="5.52108">
        <ele>1796</ele>
      </trkpt>
      <trkpt lat="44.7769" lon="5.52153">
        <ele>1803</ele>
      </trkpt>
      <trkpt lat="44.77718" lon="5.52247">
        <ele>1806</ele>
      </trkpt>
      <trkpt lat="44.77773" lon="5.52419">
        <ele>1810</ele>
      </trkpt>
      <trkpt lat="44.77796" lon="5.52469">
        <ele>1808</ele>
      </trkpt>
      <trkpt lat="44.77822" lon="5.52487">
        <ele>1806</ele>
      </trkpt>
      <trkpt lat="44.77845" lon="5.52497">
        <ele>1807</ele>
      </trkpt>
      <trkpt lat="44.77887" lon="5.52523">
        <ele>1810</ele>
      </trkpt>
      <trkpt lat="44.77899" lon="5.52521">
        <ele>1811</ele>
      </trkpt>
      <trkpt lat="44.77905" lon="5.52524">
        <ele>1812</ele>
      </trkpt>
      <trkpt lat="44.77917" lon="5.52535">
        <ele>1814</ele>
      </trkpt>
      <trkpt lat="44.77931" lon="5.52538">
        <ele>1817</ele>
      </trkpt>
      <trkpt lat="44.77949" lon="5.52524">
        <ele>1820</ele>
      </trkpt>
      <trkpt lat="44.77961" lon="5.52528">
        <ele>1821</ele>
      </trkpt>
      <trkpt lat="44.77978" lon="5.52529">
        <ele>1824</ele>
      </trkpt>
      <trkpt lat="44.77996" lon="5.52552">
        <ele>1827</ele>
      </trkpt>
      <trkpt lat="44.78009" lon="5.52562">
        <ele>1829</ele>
      </trkpt>
      <trkpt lat="44.78021" lon="5.52586">
        <ele>1831</ele>
      </trkpt>
      <trkpt lat="44.7805" lon="5.52617">
        <ele>1834</ele>
      </trkpt>
      <trkpt lat="44.78065" lon="5.52643">
        <ele>1837</ele>
      </trkpt>
      <trkpt lat="44.78095" lon="5.52741">
        <ele>1841</ele>
      </trkpt>
      <trkpt lat="44.78131" lon="5.52801">
        <ele>1839</ele>
      </trkpt>
      <trkpt lat="44.78152" lon="5.52813">
        <ele>1839</ele>
      </trkpt>
      <trkpt lat="44.78175" lon="5.52823">
        <ele>1839</ele>
      </trkpt>
      <trkpt lat="44.78197" lon="5.52837">
        <ele>1838</ele>
      </trkpt>
      <trkpt lat="44.78235" lon="5.52907">
        <ele>1842</ele>
      </trkpt>
      <trkpt lat="44.78239" lon="5.52921">
        <ele>1843</ele>
      </trkpt>
      <trkpt lat="44.7826" lon="5.52934">
        <ele>1842</ele>
      </trkpt>
      <trkpt lat="44.78274" lon="5.52956">
        <ele>1843</ele>
      </trkpt>
      <trkpt lat="44.78302" lon="5.53056">
        <ele>1841</ele>
      </trkpt>
      <trkpt lat="44.78307" lon="5.53125">
        <ele>1841</ele>
      </trkpt>
      <trkpt lat="44.78313" lon="5.53165">
        <ele>1842</ele>
      </trkpt>
      <trkpt lat="44.78318" lon="5.53222">
        <ele>1842</ele>
      </trkpt>
      <trkpt lat="44.78332" lon="5.53267">
        <ele>1841</ele>
      </trkpt>
      <trkpt lat="44.78355" lon="5.53313">
        <ele>1841</ele>
      </trkpt>
      <trkpt lat="44.78355" lon="5.53336">
        <ele>1841</ele>
      </trkpt>
      <trkpt lat="44.78358" lon="5.53349">
        <ele>1841</ele>
      </trkpt>
      <trkpt lat="44.78381" lon="5.53385">
        <ele>1839</ele>
      </trkpt>
      <trkpt lat="44.78396" lon="5.53422">
        <ele>1838</ele>
      </trkpt>
      <trkpt lat="44.78409" lon="5.53488">
        <ele>1837</ele>
      </trkpt>
      <trkpt lat="44.78417" lon="5.53552">
        <ele>1836</ele>
      </trkpt>
      <trkpt lat="44.78422" lon="5.53662">
        <ele>1829</ele>
      </trkpt>
      <trkpt lat="44.78433" lon="5.53786">
        <ele>1829</ele>
      </trkpt>
      <trkpt lat="44.78434" lon="5.53861">
        <ele>1825</ele>
      </trkpt>
      <trkpt lat="44.78446" lon="5.53916">
        <ele>1822</ele>
      </trkpt>
      <trkpt lat="44.78465" lon="5.53967">
        <ele>1820</ele>
      </trkpt>
      <trkpt lat="44.78505" lon="5.54042">
        <ele>1822</ele>
      </trkpt>
      <trkpt lat="44.78512" lon="5.54075">
        <ele>1824</ele>
      </trkpt>
      <trkpt lat="44.78551" lon="5.5413">
        <ele>1822</ele>
      </trkpt>
      <trkpt lat="44.78596" lon="5.54217">
        <ele>1820</ele>
      </trkpt>
      <trkpt lat="44.78579" lon="5.54217">
        <ele>1823</ele>
      </trkpt>
      <trkpt lat="44.784453" lon="5.543361">
        <ele>1855</ele>
      </trkpt>
      <trkpt lat="44.783737" lon="5.544284">
        <ele>1867</ele>
      </trkpt>
      <trkpt lat="44.783371" lon="5.545078">
        <ele>1881</ele>
      </trkpt>
      <trkpt lat="44.783387" lon="5.545872">
        <ele>1904</ele>
      </trkpt>
      <trkpt lat="44.78344" lon="5.546">
        <ele>1907</ele>
      </trkpt>
      <trkpt lat="44.78358" lon="5.54609">
        <ele>1909</ele>
      </trkpt>
      <trkpt lat="44.78371" lon="5.54623">
        <ele>1911</ele>
      </trkpt>
      <trkpt lat="44.78383" lon="5.54641">
        <ele>1915</ele>
      </trkpt>
      <trkpt lat="44.78403" lon="5.54679">
        <ele>1922</ele>
      </trkpt>
      <trkpt lat="44.78403" lon="5.54695">
        <ele>1926</ele>
      </trkpt>
      <trkpt lat="44.78413" lon="5.54743">
        <ele>1938</ele>
      </trkpt>
      <trkpt lat="44.78413" lon="5.54775">
        <ele>1941</ele>
      </trkpt>
      <trkpt lat="44.78411" lon="5.54791">
        <ele>1943</ele>
      </trkpt>
      <trkpt lat="44.78404" lon="5.54822">
        <ele>1947</ele>
      </trkpt>
      <trkpt lat="44.784" lon="5.54852">
        <ele>1946</ele>
      </trkpt>
      <trkpt lat="44.78395" lon="5.54866">
        <ele>1945</ele>
      </trkpt>
      <trkpt lat="44.7838" lon="5.54891">
        <ele>1944</ele>
      </trkpt>
      <trkpt lat="44.78371" lon="5.549">
        <ele>1944</ele>
      </trkpt>
      <trkpt lat="44.78365" lon="5.54903">
        <ele>1945</ele>
      </trkpt>
      <trkpt lat="44.78371" lon="5.549">
        <ele>1944</ele>
      </trkpt>
      <trkpt lat="44.7838" lon="5.54891">
        <ele>1944</ele>
      </trkpt>
      <trkpt lat="44.78395" lon="5.54866">
        <ele>1945</ele>
      </trkpt>
      <trkpt lat="44.784" lon="5.54852">
        <ele>1946</ele>
      </trkpt>
      <trkpt lat="44.78404" lon="5.54822">
        <ele>1947</ele>
      </trkpt>
      <trkpt lat="44.78411" lon="5.54791">
        <ele>1943</ele>
      </trkpt>
      <trkpt lat="44.78413" lon="5.54775">
        <ele>1941</ele>
      </trkpt>
      <trkpt lat="44.78413" lon="5.54743">
        <ele>1938</ele>
      </trkpt>
      <trkpt lat="44.78403" lon="5.54695">
        <ele>1926</ele>
      </trkpt>
      <trkpt lat="44.78403" lon="5.54679">
        <ele>1922</ele>
      </trkpt>
      <trkpt lat="44.78383" lon="5.54641">
        <ele>1915</ele>
      </trkpt>
      <trkpt lat="44.78371" lon="5.54623">
        <ele>1911</ele>
      </trkpt>
      <trkpt lat="44.78358" lon="5.54609">
        <ele>1909</ele>
      </trkpt>
      <trkpt lat="44.78344" lon="5.546">
        <ele>1907</ele>
      </trkpt>
      <trkpt lat="44.78339" lon="5.54579">
        <ele>1902</ele>
      </trkpt>
      <trkpt lat="44.78342" lon="5.54563">
        <ele>1897</ele>
      </trkpt>
      <trkpt lat="44.78349" lon="5.54554">
        <ele>1893</ele>
      </trkpt>
      <trkpt lat="44.78376" lon="5.5455">
        <ele>1885</ele>
      </trkpt>
      <trkpt lat="44.78403" lon="5.54556">
        <ele>1879</ele>
      </trkpt>
      <trkpt lat="44.78474" lon="5.54607">
        <ele>1872</ele>
      </trkpt>
      <trkpt lat="44.78499" lon="5.5465">
        <ele>1867</ele>
      </trkpt>
      <trkpt lat="44.78527" lon="5.54713">
        <ele>1862</ele>
      </trkpt>
      <trkpt lat="44.78541" lon="5.54757">
        <ele>1861</ele>
      </trkpt>
      <trkpt lat="44.78542" lon="5.54792">
        <ele>1857</ele>
      </trkpt>
      <trkpt lat="44.78533" lon="5.54835">
        <ele>1852</ele>
      </trkpt>
      <trkpt lat="44.78527" lon="5.54888">
        <ele>1845</ele>
      </trkpt>
      <trkpt lat="44.78532" lon="5.5491">
        <ele>1839</ele>
      </trkpt>
      <trkpt lat="44.78528" lon="5.54946">
        <ele>1831</ele>
      </trkpt>
      <trkpt lat="44.78541" lon="5.5499">
        <ele>1810</ele>
      </trkpt>
      <trkpt lat="44.78548" lon="5.55031">
        <ele>1793</ele>
      </trkpt>
      <trkpt lat="44.78556" lon="5.55065">
        <ele>1777</ele>
      </trkpt>
      <trkpt lat="44.78562" lon="5.55076">
        <ele>1771</ele>
      </trkpt>
      <trkpt lat="44.78578" lon="5.55084">
        <ele>1765</ele>
      </trkpt>
      <trkpt lat="44.78581" lon="5.55096">
        <ele>1762</ele>
      </trkpt>
      <trkpt lat="44.78582" lon="5.55115">
        <ele>1757</ele>
      </trkpt>
      <trkpt lat="44.7859" lon="5.55149">
        <ele>1751</ele>
      </trkpt>
      <trkpt lat="44.78598" lon="5.55163">
        <ele>1749</ele>
      </trkpt>
      <trkpt lat="44.78559" lon="5.55243">
        <ele>1739</ele>
      </trkpt>
      <trkpt lat="44.7854" lon="5.55307">
        <ele>1730</ele>
      </trkpt>
      <trkpt lat="44.78527" lon="5.55341">
        <ele>1725</ele>
      </trkpt>
      <trkpt lat="44.78509" lon="5.55382">
        <ele>1722</ele>
      </trkpt>
      <trkpt lat="44.78475" lon="5.55487">
        <ele>1701</ele>
      </trkpt>
      <trkpt lat="44.78457" lon="5.55521">
        <ele>1696</ele>
      </trkpt>
      <trkpt lat="44.78437" lon="5.55594">
        <ele>1680</ele>
      </trkpt>
      <trkpt lat="44.78444" lon="5.55655">
        <ele>1672</ele>
      </trkpt>
      <trkpt lat="44.78437" lon="5.55725">
        <ele>1670</ele>
      </trkpt>
      <trkpt lat="44.78424" lon="5.55801">
        <ele>1663</ele>
      </trkpt>
      <trkpt lat="44.78402" lon="5.55852">
        <ele>1655</ele>
      </trkpt>
      <trkpt lat="44.78365" lon="5.55899">
        <ele>1644</ele>
      </trkpt>
      <trkpt lat="44.78343" lon="5.55919">
        <ele>1639</ele>
      </trkpt>
      <trkpt lat="44.78331" lon="5.55941">
        <ele>1635</ele>
      </trkpt>
      <trkpt lat="44.78311" lon="5.55963">
        <ele>1630</ele>
      </trkpt>
      <trkpt lat="44.78303" lon="5.55981">
        <ele>1627</ele>
      </trkpt>
      <trkpt lat="44.78299" lon="5.5602">
        <ele>1624</ele>
      </trkpt>
      <trkpt lat="44.78293" lon="5.56045">
        <ele>1621</ele>
      </trkpt>
      <trkpt lat="44.78288" lon="5.56085">
        <ele>1616</ele>
      </trkpt>
      <trkpt lat="44.78289" lon="5.56154">
        <ele>1611</ele>
      </trkpt>
      <trkpt lat="44.78268" lon="5.56191">
        <ele>1606</ele>
      </trkpt>
      <trkpt lat="44.78261" lon="5.56209">
        <ele>1606</ele>
      </trkpt>
      <trkpt lat="44.78262" lon="5.5622">
        <ele>1606</ele>
      </trkpt>
      <trkpt lat="44.78253" lon="5.56272">
        <ele>1602</ele>
      </trkpt>
      <trkpt lat="44.78248" lon="5.56288">
        <ele>1600</ele>
      </trkpt>
      <trkpt lat="44.78225" lon="5.56313">
        <ele>1597</ele>
      </trkpt>
      <trkpt lat="44.78217" lon="5.56326">
        <ele>1596</ele>
      </trkpt>
      <trkpt lat="44.78211" lon="5.56346">
        <ele>1595</ele>
      </trkpt>
      <trkpt lat="44.78201" lon="5.5636">
        <ele>1593</ele>
      </trkpt>
      <trkpt lat="44.78172" lon="5.56382">
        <ele>1587</ele>
      </trkpt>
      <trkpt lat="44.78147" lon="5.56413">
        <ele>1585</ele>
      </trkpt>
      <trkpt lat="44.78134" lon="5.56436">
        <ele>1583</ele>
      </trkpt>
      <trkpt lat="44.78116" lon="5.56478">
        <ele>1579</ele>
      </trkpt>
      <trkpt lat="44.78098" lon="5.56508">
        <ele>1576</ele>
      </trkpt>
      <trkpt lat="44.78076" lon="5.56551">
        <ele>1571</ele>
      </trkpt>
      <trkpt lat="44.7805" lon="5.56587">
        <ele>1568</ele>
      </trkpt>
      <trkpt lat="44.7802" lon="5.56619">
        <ele>1566</ele>
      </trkpt>
      <trkpt lat="44.77981" lon="5.56687">
        <ele>1562</ele>
      </trkpt>
      <trkpt lat="44.77928" lon="5.56751">
        <ele>1556</ele>
      </trkpt>
      <trkpt lat="44.77923" lon="5.56766">
        <ele>1557</ele>
      </trkpt>
      <trkpt lat="44.77927" lon="5.5681">
        <ele>1556</ele>
      </trkpt>
      <trkpt lat="44.77926" lon="5.56831">
        <ele>1553</ele>
      </trkpt>
      <trkpt lat="44.77912" lon="5.56913">
        <ele>1539</ele>
      </trkpt>
      <trkpt lat="44.77897" lon="5.56951">
        <ele>1530</ele>
      </trkpt>
      <trkpt lat="44.77887" lon="5.56991">
        <ele>1519</ele>
      </trkpt>
      <trkpt lat="44.77882" lon="5.57027">
        <ele>1517</ele>
      </trkpt>
      <trkpt lat="44.77871" lon="5.57067">
        <ele>1508</ele>
      </trkpt>
      <trkpt lat="44.77862" lon="5.57112">
        <ele>1501</ele>
      </trkpt>
      <trkpt lat="44.77839" lon="5.57152">
        <ele>1496</ele>
      </trkpt>
      <trkpt lat="44.77816" lon="5.5718">
        <ele>1493</ele>
      </trkpt>
      <trkpt lat="44.77782" lon="5.57227">
        <ele>1486</ele>
      </trkpt>
      <trkpt lat="44.77754" lon="5.57253">
        <ele>1482</ele>
      </trkpt>
      <trkpt lat="44.77737" lon="5.57265">
        <ele>1480</ele>
      </trkpt>
      <trkpt lat="44.7771" lon="5.5728">
        <ele>1475</ele>
      </trkpt>
      <trkpt lat="44.77685" lon="5.57281">
        <ele>1472</ele>
      </trkpt>
      <trkpt lat="44.77633" lon="5.57327">
        <ele>1467</ele>
      </trkpt>
      <trkpt lat="44.77557" lon="5.57364">
        <ele>1460</ele>
      </trkpt>
      <trkpt lat="44.77545" lon="5.57373">
        <ele>1461</ele>
      </trkpt>
      <trkpt lat="44.77516" lon="5.57372">
        <ele>1459</ele>
      </trkpt>
      <trkpt lat="44.775" lon="5.57378">
        <ele>1458</ele>
      </trkpt>
      <trkpt lat="44.77451" lon="5.57355">
        <ele>1453</ele>
      </trkpt>
      <trkpt lat="44.77435" lon="5.57344">
        <ele>1451</ele>
      </trkpt>
    </trkseg>
  </trk>
</gpx>